Date,Name,Year,Letterboxd URI,Rating
2018-12-13,The Devil's Doorway,2018,https://boxd.it/j3L2,2
2018-12-13,Lasso,2017,https://boxd.it/jnv4,1
2018-12-13,Summer of 84,2018,https://boxd.it/gQYe,4
2018-12-13,Piercing,2018,https://boxd.it/fELU,3
2018-12-13,Lifechanger,2018,https://boxd.it/jnwm,1.5
2018-12-13,Book of Monsters,2018,https://boxd.it/jnx0,2
2018-12-13,Tigers Are Not Afraid,2017,https://boxd.it/bIww,2
2018-12-13,The Witch in the Window,2018,https://boxd.it/iWvw,4
2018-12-13,What Keeps You Alive,2018,https://boxd.it/ic9Y,4
2018-12-13,Blood Paradise,2018,https://boxd.it/jImC,2.5
2018-12-13,I'll Take Your Dead,2018,https://boxd.it/jFqc,3
2018-12-13,Cutterhead,2018,https://boxd.it/jkQI,3
2018-12-13,Bohemian Rhapsody,2018,https://boxd.it/f1TK,4
2018-12-13,Passengers,2016,https://boxd.it/8lFu,3
2018-12-13,Incredible Violence,2018,https://boxd.it/jRaU,2
2018-12-13,Dead Night,2017,https://boxd.it/fw6k,1
2018-12-13,Gonjiam: Haunted Asylum,2018,https://boxd.it/ioyw,3.5
2018-12-13,Christmas Blood,2017,https://boxd.it/h2u6,1.5
2018-12-13,Dragged Across Concrete,2018,https://boxd.it/fAly,3.5
2018-12-13,Monty Python and the Holy Grail,1975,https://boxd.it/29GI,4
2018-12-13,The House That Jack Built,2018,https://boxd.it/dWO4,3.5
2018-12-13,The Sorcerer's Apprentice,2010,https://boxd.it/1sGg,2
2018-12-13,Snake Eyes,1998,https://boxd.it/1ZX0,3.5
2018-12-13,The Family Man,2000,https://boxd.it/22e8,3
2018-12-13,The Weather Man,2005,https://boxd.it/21gM,2.5
2018-12-13,National Treasure,2004,https://boxd.it/27x0,2.5
2018-12-13,Ghost Rider,2007,https://boxd.it/290M,1.5
2018-12-13,Knowing,2009,https://boxd.it/1Pmy,2
2018-12-13,Next,2007,https://boxd.it/28bY,1.5
2018-12-13,Ghost Rider: Spirit of Vengeance,2011,https://boxd.it/2qne,1
2018-12-13,City of Angels,1998,https://boxd.it/29Bo,3
2018-12-13,A Clockwork Orange,1971,https://boxd.it/2aVE,4.5
2018-12-13,Crooked House,2017,https://boxd.it/ePQE,3
2018-12-13,Office Uprising,2018,https://boxd.it/dgLW,2.5
2018-12-13,The End?,2017,https://boxd.it/gDag,3
2018-12-13,The Night Eats the World,2018,https://boxd.it/gmgQ,3
2018-12-13,One Cut of the Dead,2017,https://boxd.it/iAFu,4
2018-12-13,Mandy,2018,https://boxd.it/gtti,1.5
2018-12-13,Elizabeth Harvest,2018,https://boxd.it/gjT6,4
2018-12-13,V for Vendetta,2005,https://boxd.it/29Ik,4.5
2018-12-13,Brawl in Cell Block 99,2017,https://boxd.it/dWOo,4
2018-12-13,Bone Tomahawk,2015,https://boxd.it/9kiw,3.5
2018-12-13,Hereditary,2018,https://boxd.it/hNVe,2.5
2018-12-13,You Were Never Really Here,2017,https://boxd.it/dWOS,2
2018-12-13,The Taking of Pelham 1 2 3,2009,https://boxd.it/1GS6,3
2018-12-13,Mission: Impossible – Ghost Protocol,2011,https://boxd.it/psI,3
2018-12-13,Mission: Impossible II,2000,https://boxd.it/29cS,1.5
2018-12-13,Jumper,2008,https://boxd.it/20ss,2
2018-12-13,The Polar Express,2004,https://boxd.it/23am,3
2018-12-13,Captain EO,1986,https://boxd.it/VLXM,4
2018-12-13,Bao,2018,https://boxd.it/iEl4,3
2018-12-13,RocknRolla,2008,https://boxd.it/1PmI,3.5
2018-12-13,The Void,2016,https://boxd.it/d93S,1.5
2018-12-13,Jurassic World: Fallen Kingdom,2018,https://boxd.it/bOnU,3
2018-12-13,Adaptation.,2002,https://boxd.it/26mA,3.5
2018-12-13,The First Purge,2018,https://boxd.it/fJfk,3
2018-12-13,Blood Shed,2017,https://boxd.it/j9pm,4
2018-12-13,The Horribly Slow Murderer with the Extremely Inefficient Weapon,2008,https://boxd.it/1rnW,4
2018-12-13,Mehua,2017,https://boxd.it/h1OE,2
2018-12-13,RIP,2017,https://boxd.it/hpaI,4
2018-12-13,Game Night,2018,https://boxd.it/fRtu,3.5
2018-12-13,The Week Of,2018,https://boxd.it/gE28,1.5
2018-12-13,Horseface,2014,https://boxd.it/dBv6,4
2018-12-13,Solo: A Star Wars Story,2018,https://boxd.it/bGWs,3
2018-12-13,A Cure for Wellness,2016,https://boxd.it/bkQW,3
2018-12-13,Wheelman,2017,https://boxd.it/gSIM,4
2018-12-13,Deadpool 2,2018,https://boxd.it/dlLM,4.5
2018-12-13,Men of Honor,2000,https://boxd.it/1SCE,4
2018-12-13,The Human Centipede (First Sequence),2009,https://boxd.it/18Tu,1
2018-12-13,A Serbian Film,2010,https://boxd.it/2wBc,1
2018-12-13,The Elephant Man,1980,https://boxd.it/27LQ,4
2018-12-13,The Killing of a Sacred Deer,2017,https://boxd.it/dZ5G,4
2018-12-13,DragonHeart,1996,https://boxd.it/1ZMm,3
2018-12-13,Frequency,2000,https://boxd.it/1VXA,4
2018-12-13,Avengers: Infinity War,2018,https://boxd.it/9vEe,5
2018-12-13,A Quiet Place,2018,https://boxd.it/fVJQ,4
2018-12-13,Fantastic Mr. Fox,2009,https://boxd.it/1WyQ,3
2018-12-13,Isle of Dogs,2018,https://boxd.it/dZrW,4.5
2018-12-13,The Girl Next Door,2004,https://boxd.it/1VSq,1.5
2018-12-13,Ready Player One,2018,https://boxd.it/aZes,3.5
2018-12-13,Pacific Rim: Uprising,2018,https://boxd.it/83Qa,2
2018-12-13,Tomb Raider,2018,https://boxd.it/bgbA,3.5
2018-12-13,The Greatest Showman,2017,https://boxd.it/acjI,4
2018-12-13,Love & Other Drugs,2010,https://boxd.it/UIi,2
2018-12-13,The Machinist,2004,https://boxd.it/248c,4.5
2018-12-13,Lara Croft: Tomb Raider – The Cradle of Life,2003,https://boxd.it/27FS,1.5
2018-12-13,Lara Croft: Tomb Raider,2001,https://boxd.it/27G2,2
2018-12-13,P.S. I Love You,2007,https://boxd.it/229C,2
2018-12-13,Annihilation,2018,https://boxd.it/9yzm,4
2018-12-13,The Death of Stalin,2017,https://boxd.it/ea9Y,3
2018-12-13,Red Sparrow,2018,https://boxd.it/e7Pi,4
2018-12-13,Wind River,2017,https://boxd.it/dR3i,4
2018-12-13,Black Panther,2018,https://boxd.it/8MHs,3
2018-12-13,The Commuter,2018,https://boxd.it/dZ36,3.5
2018-12-13,Equilibrium,2002,https://boxd.it/211s,3
2018-12-13,The Cloverfield Paradox,2018,https://boxd.it/doVA,2
2018-12-13,10 Cloverfield Lane,2016,https://boxd.it/aZiu,4
2018-12-13,The Lovely Bones,2009,https://boxd.it/20IA,2
2018-12-13,Darkest Hour,2017,https://boxd.it/dZZa,4
2018-12-13,The Post,2017,https://boxd.it/fTeG,4
2018-12-13,The Terminal,2004,https://boxd.it/2a2O,3.5
2018-12-13,Schindler's List,1993,https://boxd.it/2aq2,5
2018-12-13,Hook,1991,https://boxd.it/29nQ,4.5
2018-12-13,The Hitman's Bodyguard,2017,https://boxd.it/dCmO,3.5
2018-12-13,"Three Billboards Outside Ebbing, Missouri",2017,https://boxd.it/ceBS,4.5
2018-12-13,Logan Lucky,2017,https://boxd.it/dZrs,3.5
2018-12-13,Gerald's Game,2017,https://boxd.it/buKa,3
2018-12-13,Jigsaw,2017,https://boxd.it/9sDs,3
2018-12-13,Clown,2014,https://boxd.it/3LJ8,3
2018-12-13,Molly's Game,2017,https://boxd.it/dSl8,4
2018-12-13,The Room,2003,https://boxd.it/1ICY,0.5
2018-12-13,The Disaster Artist,2017,https://boxd.it/cTqc,4
2018-12-13,War for the Planet of the Apes,2017,https://boxd.it/8FE2,4.5
2018-12-13,"Tad, the Lost Explorer, and the Secret of King Midas",2017,https://boxd.it/g9l4,2
2018-12-13,Perfect Strangers,2017,https://boxd.it/fru2,3.5
2018-12-13,Jumanji,1995,https://boxd.it/1ZLI,4.5
2018-12-13,mother!,2017,https://boxd.it/dgRU,4
2018-12-13,Coco,2017,https://boxd.it/bYJQ,5
2018-12-13,Murder on the Orient Express,2017,https://boxd.it/dHjA,3.5
2018-12-13,The Crazies,1973,https://boxd.it/1nwg,2
2018-12-13,The Night Watchmen,2017,https://boxd.it/dY5q,3.5
2018-12-13,The Lodgers,2017,https://boxd.it/fdEM,2
2018-12-13,Revenge,2017,https://boxd.it/gL9g,3
2018-12-13,Ravenous,2017,https://boxd.it/eDPk,2
2018-12-13,Mom and Dad,2017,https://boxd.it/e6BO,4
2018-12-13,Housewife,2017,https://boxd.it/g1gU,1
2018-12-13,Replace,2017,https://boxd.it/free,4
2018-12-13,Black Hollow Cage,2017,https://boxd.it/f8dG,1
2018-12-13,Jackals,2017,https://boxd.it/gqbg,2.5
2018-12-13,Tragedy Girls,2017,https://boxd.it/eB7K,4
2018-12-13,What the Waters Left Behind,2017,https://boxd.it/gxFC,2.5
2018-12-13,Secret Santa,2018,https://boxd.it/g3MI,4
2018-12-13,Phoenix Forgotten,2017,https://boxd.it/fM1q,2.5
2018-12-13,Hounds of Love,2016,https://boxd.it/enoi,3.5
2018-12-13,Super Dark Times,2017,https://boxd.it/dTle,3
2018-12-13,68 Kill,2017,https://boxd.it/cJsM,3
2018-12-13,Framed,2017,https://boxd.it/d36c,1.5
2018-12-13,Thor: Ragnarok,2017,https://boxd.it/8MHi,4
2018-12-13,Blade of the Immortal,2017,https://boxd.it/f5Pi,3.5
2018-12-13,Game of Death,2017,https://boxd.it/fB5m,3
2018-12-13,Double Date,2017,https://boxd.it/fp34,3.5
2018-12-13,Blade Runner 2049,2017,https://boxd.it/b8wK,3.5
2018-12-13,2048: Nowhere to Run,2017,https://boxd.it/h4uC,3
2018-12-13,2036: Nexus Dawn,2017,https://boxd.it/gXZo,3.5
2018-12-13,Blade Runner: Black Out 2022,2017,https://boxd.it/h5sM,3
2018-12-13,Zombiology: Enjoy Yourself Tonight,2017,https://boxd.it/ggyu,1.5
2018-12-13,Dead Shack,2017,https://boxd.it/g1fW,3
2018-12-13,Anna and the Apocalypse,2017,https://boxd.it/gwcE,3.5
2018-12-13,The Bad Batch,2016,https://boxd.it/acEG,2
2018-12-13,The Battleship Island,2017,https://boxd.it/fucg,3
2018-12-13,Kingsman: The Golden Circle,2017,https://boxd.it/buJm,4.5
2018-12-13,Baby Driver,2017,https://boxd.it/bhF2,4
2018-12-13,Spread,2009,https://boxd.it/1EmC,2
2018-12-13,As the Gods Will,2014,https://boxd.it/76T0,3.5
2018-12-13,The Rezort,2015,https://boxd.it/bsXm,2
2018-12-13,Pirates of the Caribbean: Dead Men Tell No Tales,2017,https://boxd.it/5a9m,2.5
2018-12-13,Red State,2011,https://boxd.it/I9g,3.5
2018-12-13,The Double,2013,https://boxd.it/4DLW,3
2018-12-13,It,2017,https://boxd.it/bC8e,4
2018-12-13,Tekken,2010,https://boxd.it/Xv2,1
2018-12-13,The Mummy,2017,https://boxd.it/8HnW,1.5
2018-12-13,Life,2017,https://boxd.it/dRqG,4
2018-12-13,Death Note,2017,https://boxd.it/bOS4,2
2018-12-13,Hush,2016,https://boxd.it/d5ys,3
2018-12-13,I Am a Hero,2015,https://boxd.it/8qgu,3.5
2018-12-13,Taxi Driver,1976,https://boxd.it/2b8y,4
2018-12-13,Atomic Blonde,2017,https://boxd.it/blDk,4
2018-12-13,Spider-Man: Homecoming,2017,https://boxd.it/aboM,3.5
2018-12-13,The Bar,2017,https://boxd.it/eRT6,3.5
2018-12-13,The Autopsy of Jane Doe,2016,https://boxd.it/dUu2,4
2018-12-13,Se7en,1995,https://boxd.it/29zs,4.5
2018-12-13,Seven Psychopaths,2012,https://boxd.it/34PW,4
2018-12-13,Timecrimes,2007,https://boxd.it/1OGM,3.5
2018-12-13,Attack of the Lederhosen Zombies,2016,https://boxd.it/dn2k,3
2018-12-13,The Collector,2009,https://boxd.it/1BY4,3.5
2018-12-13,The Invisible Guest,2016,https://boxd.it/euce,4
2018-12-13,The Lego Batman Movie,2017,https://boxd.it/azp0,3.5
2018-12-13,Assassin's Creed,2016,https://boxd.it/41IK,2
2018-12-13,The Voices,2014,https://boxd.it/7b3S,3.5
2018-12-13,John Wick: Chapter 2,2017,https://boxd.it/ayGu,4
2018-12-13,Guardians of the Galaxy Vol. 2,2017,https://boxd.it/8MxC,4
2018-12-13,The Magnificent Butcher,1979,https://boxd.it/1Ghk,3.5
2018-12-13,It Stains the Sands Red,2016,https://boxd.it/fqWO,3
2018-12-13,The Intouchables,2011,https://boxd.it/2FT0,4.5
2018-12-13,Two Is a Family,2016,https://boxd.it/dk7w,4
2018-12-13,Beauty and the Beast,2017,https://boxd.it/ar0c,3.5
2018-12-13,Shaolin Soccer,2001,https://boxd.it/1T86,3
2018-12-13,This Is the End,2013,https://boxd.it/3GB4,3
2018-12-13,Kong: Skull Island,2017,https://boxd.it/9ewM,3.5
2018-12-13,Logan,2017,https://boxd.it/7Piy,4
2018-12-13,Hardcore Henry,2015,https://boxd.it/aAIM,4.5
2018-12-13,Split,2016,https://boxd.it/dgSy,4
2018-12-13,Green Room,2015,https://boxd.it/a75m,4
2018-12-13,Another 48 Hrs.,1990,https://boxd.it/1Tt4,3
2018-12-13,48 Hrs.,1982,https://boxd.it/2b18,3
2018-12-13,Living in Oblivion,1995,https://boxd.it/1ZeO,3.5
2018-12-13,The Wave,2008,https://boxd.it/20OS,4
2018-12-13,The Amityville Horror,2005,https://boxd.it/1Xb4,4
2018-12-13,John Q,2002,https://boxd.it/205S,4.5
2018-12-13,Takers,2010,https://boxd.it/1zTQ,3.5
2018-12-13,The Silence of the Lambs,1991,https://boxd.it/2aHW,5
2018-12-13,Burlesque,2010,https://boxd.it/Xfo,3
2018-12-13,The Mist,2007,https://boxd.it/22r2,4
2018-12-13,Life Is Beautiful,1997,https://boxd.it/29Wm,5
2018-12-13,Saw 3D,2010,https://boxd.it/Znk,1.5
2018-12-13,Saw VI,2009,https://boxd.it/1A2y,2.5
2018-12-13,Saw V,2008,https://boxd.it/1SMa,3.5
2018-12-13,Saw IV,2007,https://boxd.it/29Sa,2.5
2018-12-13,Saw III,2006,https://boxd.it/2aRC,4
2018-12-13,Saw II,2005,https://boxd.it/2aRs,3.5
2018-12-13,Saw,2004,https://boxd.it/2aWW,4.5
2018-12-13,Unstoppable,2010,https://boxd.it/SVO,3.5
2018-12-13,The Next Three Days,2010,https://boxd.it/UdE,4
2018-12-13,The Illusionist,2006,https://boxd.it/28H6,4.5
2018-12-13,The Prestige,2006,https://boxd.it/293w,4.5
2018-12-13,Inception,2010,https://boxd.it/1skk,4.5
2018-12-13,Devil,2010,https://boxd.it/SX6,2.5
2018-12-13,Drag Me to Hell,2009,https://boxd.it/1Jzw,4
2018-12-13,RED,2010,https://boxd.it/13uu,3.5
2018-12-13,The Tourist,2010,https://boxd.it/17Hs,3
2018-12-13,The Last House on the Left,2009,https://boxd.it/1H2q,3.5
2018-12-13,Pulp Fiction,1994,https://boxd.it/29Pq,5
2018-12-13,Forrest Gump,1994,https://boxd.it/728,4
2018-12-13,American History X,1998,https://boxd.it/2bdo,4
2018-12-13,Reservoir Dogs,1992,https://boxd.it/2agc,5
2018-12-13,Inglourious Basterds,2009,https://boxd.it/1JzG,4.5
2018-12-13,Kill Bill: Vol. 1,2003,https://boxd.it/70w,4
2018-12-13,The Matrix,1999,https://boxd.it/2a1m,3.5
2018-12-13,Cell 211,2009,https://boxd.it/1fPa,4.5
2018-12-13,American Gangster,2007,https://boxd.it/23wi,3.5
2018-12-13,Sin City,2005,https://boxd.it/2aVk,4
2018-12-13,Lucky Number Slevin,2006,https://boxd.it/2aVu,4.5
2018-12-13,Die Hard,1988,https://boxd.it/2a7u,3.5
2018-12-13,Alien,1979,https://boxd.it/2awY,5
2018-12-13,The Sixth Sense,1999,https://boxd.it/29Js,3.5
2018-12-13,The Exorcist,1973,https://boxd.it/1Yoo,4
2018-12-13,Cape Fear,1991,https://boxd.it/28vu,5
2018-12-13,The Others,2001,https://boxd.it/27Po,3.5
2018-12-13,A Nightmare on Elm Street,1984,https://boxd.it/2aw0,4
2018-12-13,Jaws,1975,https://boxd.it/2a5e,3
2018-12-13,28 Days Later,2002,https://boxd.it/2aXU,4
2018-12-13,[REC],2007,https://boxd.it/20ma,3.5
2018-12-13,American Psycho,2000,https://boxd.it/28Vs,4.5
2018-12-13,Hellboy,2004,https://boxd.it/28HK,3
2018-12-13,The Nightmare Before Christmas,1993,https://boxd.it/1YzQ,5
2018-12-13,Braveheart,1995,https://boxd.it/2aTI,4.5
2018-12-13,The Notebook,2004,https://boxd.it/1UNE,4
2018-12-13,Grease,1978,https://boxd.it/29YW,3.5
2018-12-13,The Princess and the Frog,2009,https://boxd.it/1WQq,2.5
2018-12-13,The Lion King,1994,https://boxd.it/201Q,5
2018-12-13,Toy Story,1995,https://boxd.it/29qA,4.5
2018-12-13,Toy Story 3,2010,https://boxd.it/1WRe,5
2018-12-13,Alice in Wonderland,2010,https://boxd.it/1Spq,2.5
2018-12-13,Scott Pilgrim vs. the World,2010,https://boxd.it/1Aq6,4.5
2018-12-13,How to Train Your Dragon,2010,https://boxd.it/1WRy,4
2018-12-13,The Expendables,2010,https://boxd.it/1rtA,3
2018-12-13,Julia's Eyes,2010,https://boxd.it/zoG,4
2018-12-13,The A-Team,2010,https://boxd.it/1dHS,2.5
2018-12-13,Public Enemies,2009,https://boxd.it/1U8m,4
2018-12-13,The Imaginarium of Doctor Parnassus,2009,https://boxd.it/20DA,2
2018-12-13,Law Abiding Citizen,2009,https://boxd.it/1A2I,4.5
2018-12-13,Moulin Rouge!,2001,https://boxd.it/29wI,5
2018-12-13,The Passion of the Christ,2004,https://boxd.it/29ZK,4.5
2018-12-13,There's Something About Mary,1998,https://boxd.it/2aae,3.5
2018-12-13,The Village,2004,https://boxd.it/21iS,2.5
2018-12-13,Mars Attacks!,1996,https://boxd.it/2bd4,4
2018-12-13,GoldenEye,1995,https://boxd.it/29KU,3
2018-12-13,Speed,1994,https://boxd.it/28qk,3
2018-12-13,Terminator 2: Judgment Day,1991,https://boxd.it/2aGY,4
2018-12-13,Last Action Hero,1993,https://boxd.it/1YhW,3.5
2018-12-13,The Fugitive,1993,https://boxd.it/230G,4.5
2018-12-13,Mission: Impossible,1996,https://boxd.it/29d2,3
2018-12-13,Enemy of the State,1998,https://boxd.it/1XME,3
2018-12-13,Gone in Sixty Seconds,2000,https://boxd.it/1Y4y,2.5
2018-12-13,Face/Off,1997,https://boxd.it/29I0,3.5
2018-12-13,The Hunt for Red October,1990,https://boxd.it/28lk,3.5
2018-12-13,Finding Nemo,2003,https://boxd.it/72i,4
2018-12-13,Toy Story 2,1999,https://boxd.it/29qq,2.5
2018-12-13,The Prince of Egypt,1998,https://boxd.it/1XGQ,2
2018-12-13,Pocahontas,1995,https://boxd.it/1W2g,3.5
2018-12-13,"Monsters, Inc.",2001,https://boxd.it/2a46,4
2018-12-13,The Simpsons Movie,2007,https://boxd.it/6YU,3
2018-12-13,King Kong,2005,https://boxd.it/2aLa,2.5
2018-12-13,The Perfect Storm,2000,https://boxd.it/27n0,3
2018-12-13,Back to the Future,1985,https://boxd.it/2b8e,3.5
2018-12-13,Gladiator,2000,https://boxd.it/2b9m,4
2018-12-13,Raiders of the Lost Ark,1981,https://boxd.it/2bbs,3.5
2018-12-13,Indiana Jones and the Last Crusade,1989,https://boxd.it/2baO,3
2018-12-13,Indiana Jones and the Temple of Doom,1984,https://boxd.it/2bb8,4
2018-12-13,Pirates of the Caribbean: The Curse of the Black Pearl,2003,https://boxd.it/70G,3.5
2018-12-13,The Lord of the Rings: The Fellowship of the Ring,2001,https://boxd.it/2b5O,5
2018-12-13,The Lord of the Rings: The Two Towers,2002,https://boxd.it/2b5E,5
2018-12-13,The Lord of the Rings: The Return of the King,2003,https://boxd.it/2b5u,5
2018-12-13,Saving Private Ryan,1998,https://boxd.it/29ro,4
2018-12-13,The Fifth Element,1997,https://boxd.it/71k,3
2018-12-13,Total Recall,1990,https://boxd.it/29qK,2.5
2018-12-13,Armageddon,1998,https://boxd.it/2b9Q,3
2018-12-13,Men in Black,1997,https://boxd.it/2a0I,4
2018-12-13,The Terminator,1984,https://boxd.it/2aQY,3.5
2018-12-13,The NeverEnding Story,1984,https://boxd.it/1dE0,3
2018-12-13,Blade,1998,https://boxd.it/1a8A,3.5
2018-12-13,Scary Movie,2000,https://boxd.it/24CG,3
2018-12-13,"Honey, I Shrunk the Kids",1989,https://boxd.it/1YTw,3
2018-12-13,Gremlins,1984,https://boxd.it/29gg,4.5
2018-12-13,Titanic,1997,https://boxd.it/2a2k,4.5
2018-12-13,The Mask,1994,https://boxd.it/29rS,4
2018-12-13,The Crow,1994,https://boxd.it/1Yxq,5
2018-12-13,From Hell,2001,https://boxd.it/29FK,3.5
2018-12-13,Constantine,2005,https://boxd.it/2a7E,2
2018-12-13,Bram Stoker's Dracula,1992,https://boxd.it/223a,4.5
2018-12-13,Shade,2003,https://boxd.it/1NOq,5
2018-12-13,Piranha 3D,2010,https://boxd.it/U5q,1
2018-12-13,Jenifer,2005,https://boxd.it/9vwY,4
2018-12-13,The Rite,2011,https://boxd.it/J7q,3
2018-12-13,Christine,1983,https://boxd.it/1ZRQ,4
2018-12-13,The Ring,2002,https://boxd.it/2a70,3.5
2018-12-13,Ghost Ship,2002,https://boxd.it/1Y9y,2.5
2018-12-13,Orphan,2009,https://boxd.it/1CgM,4
2018-12-13,I Am Legend,2007,https://boxd.it/21DG,2
2018-12-13,What Lies Beneath,2000,https://boxd.it/26v8,3
2018-12-13,1408,2007,https://boxd.it/25Vu,3.5
2018-12-13,The Full Monty,1997,https://boxd.it/1YI4,4
2018-12-13,The Reef,2010,https://boxd.it/Fcc,3
2018-12-13,Hide and Seek,2005,https://boxd.it/1UEi,3.5
2018-12-13,The Score,2001,https://boxd.it/1U0C,4
2018-12-13,Pirates of the Caribbean: Dead Man's Chest,2006,https://boxd.it/2bfk,3
2018-12-13,Chocolat,2000,https://boxd.it/2aue,3.5
2018-12-13,Edward Scissorhands,1990,https://boxd.it/2aZc,4.5
2018-12-13,Rounders,1998,https://boxd.it/1WMS,4.5
2018-12-13,Funny Games,2007,https://boxd.it/207a,4
2018-12-13,Dead Poets Society,1989,https://boxd.it/2aSg,4.5
2018-12-13,Seven Pounds,2008,https://boxd.it/1U8w,4.5
2018-12-13,Gangs of New York,2002,https://boxd.it/25FG,4
2018-12-13,Water for Elephants,2011,https://boxd.it/r02,4
2018-12-13,Deuce Bigalow: Male Gigolo,1999,https://boxd.it/1WlW,4
2018-12-13,Family Guy Presents: Blue Harvest,2007,https://boxd.it/oiw2,3.5
2018-12-13,21,2008,https://boxd.it/20BO,3
2018-12-13,Deep Impact,1998,https://boxd.it/1ZYM,1.5
2018-12-13,High Crimes,2002,https://boxd.it/1Tyo,3
2018-12-13,Paycheck,2003,https://boxd.it/1YdA,2
2018-12-13,Poltergeist,1982,https://boxd.it/2a0o,3.5
2018-12-13,Wild Things,1998,https://boxd.it/29Zq,3
2018-12-13,Hollow Man,2000,https://boxd.it/1YP0,2
2018-12-13,Space Cowboys,2000,https://boxd.it/22W0,3
2018-12-13,Dangerous Minds,1995,https://boxd.it/1Xyi,1.5
2018-12-13,Ice Age: The Meltdown,2006,https://boxd.it/2wRk,3
2018-12-13,Ice Age: Dawn of the Dinosaurs,2009,https://boxd.it/20iC,3.5
2018-12-13,8 Mile,2002,https://boxd.it/2bew,2.5
2018-12-13,The Core,2003,https://boxd.it/1YVs,1
2018-12-13,Jurassic Park,1993,https://boxd.it/2aA2,3.5
2018-12-13,The Transporter,2002,https://boxd.it/24Nu,3.5
2018-12-13,Tarzan,1999,https://boxd.it/18YO,3.5
2018-12-13,A Knight's Tale,2001,https://boxd.it/1YAk,2.5
2018-12-13,The Time Machine,2002,https://boxd.it/27mG,2
2018-12-13,The Hand That Rocks the Cradle,1992,https://boxd.it/1UFK,3.5
2018-12-13,The Count of Monte Cristo,2002,https://boxd.it/1U24,3.5
2018-12-13,"The Chronicles of Narnia: The Lion, the Witch and the Wardrobe",2005,https://boxd.it/2ark,2.5
2018-12-13,Billy Elliot,2000,https://boxd.it/2bdy,3.5
2018-12-13,Stigmata,1999,https://boxd.it/1WA8,3
2018-12-13,Carriers,2009,https://boxd.it/1v9k,3.5
2018-12-13,Instinct,1999,https://boxd.it/1Sve,3.5
2018-12-13,Bruce Almighty,2003,https://boxd.it/2aCC,4
2018-12-13,The Number 23,2007,https://boxd.it/258C,4
2018-12-13,Fun with Dick and Jane,2005,https://boxd.it/20PG,2.5
2018-12-13,How the Grinch Stole Christmas,2000,https://boxd.it/1ZHQ,1
2018-12-13,Man on the Moon,1999,https://boxd.it/281k,4
2018-12-13,The Cable Guy,1996,https://boxd.it/1XAI,0.5
2018-12-13,Liar Liar,1997,https://boxd.it/28sg,3.5
2018-12-13,Ace Ventura: When Nature Calls,1995,https://boxd.it/1Z66,3
2018-12-13,Dumb and Dumber,1994,https://boxd.it/206m,2
2018-12-13,Ace Ventura: Pet Detective,1994,https://boxd.it/25RW,3.5
2018-12-13,Crank: High Voltage,2009,https://boxd.it/1MPs,2.5
2018-12-13,Transporter 3,2008,https://boxd.it/1QhE,2.5
2018-12-13,Crank,2006,https://boxd.it/27MY,3.5
2018-12-13,Transporter 2,2005,https://boxd.it/1YWq,3
2018-12-13,Collateral,2004,https://boxd.it/28F0,4
2018-12-13,The Italian Job,2003,https://boxd.it/1Y86,3.5
2018-12-13,Ghosts of Mars,2001,https://boxd.it/1Xik,2
2018-12-13,Pearl Harbor,2001,https://boxd.it/29Q4,3.5
2018-12-13,Swordfish,2001,https://boxd.it/1Y0m,4
2018-12-13,Ben-Hur,1959,https://boxd.it/29RQ,4
2018-12-13,Surrogates,2009,https://boxd.it/1EiU,3
2018-12-13,"I, Robot",2004,https://boxd.it/27y8,3
2018-12-13,Minority Report,2002,https://boxd.it/2aWi,3.5
2018-12-13,Red Dragon,2002,https://boxd.it/1Yrs,4.5
2018-12-13,Unbreakable,2000,https://boxd.it/1XV2,3.5
2018-12-13,Inside Man,2006,https://boxd.it/2auS,4.5
2018-12-13,Interview with the Vampire,1994,https://boxd.it/29XO,4
2018-12-13,Scent of a Woman,1992,https://boxd.it/1YAu,5
2018-12-13,Dead Silence,2007,https://boxd.it/1OWK,3.5
2018-12-13,X-Men: First Class,2011,https://boxd.it/FOA,4
2018-12-13,Insidious,2010,https://boxd.it/H4k,4
2018-12-13,Kidnapped,2010,https://boxd.it/Ize,4.5
2018-12-13,The Godfather,1972,https://boxd.it/2aNK,5
2018-12-13,Paul,2011,https://boxd.it/13uE,3.5
2018-12-13,Limitless,2011,https://boxd.it/Aly,4
2018-12-13,Source Code,2011,https://boxd.it/fdo,3.5
2018-12-13,Unknown,2011,https://boxd.it/JbW,3.5
2018-12-13,The Condemned,2007,https://boxd.it/1NGw,2.5
2018-12-13,The Truman Show,1998,https://boxd.it/18U8,4
2018-12-13,Moon,2009,https://boxd.it/1IGQ,4
2018-12-13,K-PAX,2001,https://boxd.it/2aYo,3.5
2018-12-13,Space Jam,1996,https://boxd.it/26YO,4
2018-12-13,Meet Joe Black,1998,https://boxd.it/2aEI,4.5
2018-12-13,Misery,1990,https://boxd.it/28gY,4
2018-12-13,The Shining,1980,https://boxd.it/29Nu,4.5
2018-12-13,The Lincoln Lawyer,2011,https://boxd.it/DRM,4
2018-12-13,127 Hours,2010,https://boxd.it/SLa,3.5
2018-12-13,Shutter Island,2010,https://boxd.it/1U82,4
2018-12-13,The Hangover,2009,https://boxd.it/1GjK,3.5
2018-12-13,The Departed,2006,https://boxd.it/28MA,4
2018-12-13,Corpse Bride,2005,https://boxd.it/24WQ,4
2018-12-13,Lord of War,2005,https://boxd.it/284y,3.5
2018-12-13,Bad Company,2002,https://boxd.it/25Fw,4
2018-12-13,Ice Age,2002,https://boxd.it/2apS,3.5
2018-12-13,The Curse of the Jade Scorpion,2001,https://boxd.it/26jm,4
2018-12-13,Pitch Black,2000,https://boxd.it/26iS,3
2018-12-13,The Blair Witch Project,1999,https://boxd.it/26ua,3
2018-12-13,Sleepy Hollow,1999,https://boxd.it/26u0,3.5
2018-12-13,Beauty and the Beast,1991,https://boxd.it/1XhG,3.5
2018-12-13,Planet of the Apes,1968,https://boxd.it/29p8,4
2018-12-13,The Mechanic,2011,https://boxd.it/1rtg,3
2018-12-13,Super 8,2011,https://boxd.it/dVI,4
2018-12-13,The Adjustment Bureau,2011,https://boxd.it/16T8,3.5
2018-12-13,Skyline,2010,https://boxd.it/WhS,2
2018-12-13,The Perfect Host,2010,https://boxd.it/8QI,4
2018-12-13,The Great Dictator,1940,https://boxd.it/29ic,4.5
2018-12-13,Pirates of the Caribbean: On Stranger Tides,2011,https://boxd.it/27Z4,2
2018-12-13,Rear Window,1954,https://boxd.it/2a6Q,4
2018-12-13,Presto,2008,https://boxd.it/1QYI,5
2018-12-13,Horrible Bosses,2011,https://boxd.it/Ba2,3.5
2018-12-13,The Untouchables,1987,https://boxd.it/2b6i,4.5
2018-12-13,The Final Destination,2009,https://boxd.it/1EmW,1.5
2018-12-13,Dinner for Schmucks,2010,https://boxd.it/15dA,3
2018-12-13,The Dinner Game,1998,https://boxd.it/1YJ2,4.5
2018-12-13,Step Up 2: The Streets,2008,https://boxd.it/20mk,1.5
2018-12-13,Meet the Parents,2000,https://boxd.it/28vE,3.5
2018-12-13,Meet the Fockers,2004,https://boxd.it/29NE,3.5
2018-12-13,Gamer,2009,https://boxd.it/1GQk,3
2018-12-13,Fright Night,2011,https://boxd.it/l1S,3
2018-12-13,Nim's Island,2008,https://boxd.it/1W8y,3
2018-12-13,In Time,2011,https://boxd.it/FPS,3
2018-12-13,X2,2003,https://boxd.it/1a7i,3.5
2018-12-13,X-Men,2000,https://boxd.it/1a7s,4
2018-12-13,Rise of the Planet of the Apes,2011,https://boxd.it/cS4,4
2018-12-13,Flypaper,2011,https://boxd.it/cfG,3.5
2018-12-13,Sherlock Holmes,2009,https://boxd.it/1W2A,3.5
2018-12-13,Don't Be Afraid of the Dark,2010,https://boxd.it/NAw,3.5
2018-12-13,Darkness Falls,2003,https://boxd.it/1Vxs,3.5
2018-12-13,The Next Karate Kid,1994,https://boxd.it/1Uja,1
2018-12-13,The Devil's Advocate,1997,https://boxd.it/286k,4
2018-12-13,First Daughter,2004,https://boxd.it/1P0W,1
2018-12-13,Drive,2011,https://boxd.it/IG,4
2018-12-13,Copycat,1995,https://boxd.it/28ga,3.5
2018-12-13,War of the Worlds,2005,https://boxd.it/2bde,1.5
2018-12-13,Dream House,2011,https://boxd.it/2hDC,3.5
2018-12-13,Cirque du Soleil: Varekai,2003,https://boxd.it/1M0a,4
2018-12-13,Cirque du Soleil: Alegria,2001,https://boxd.it/1M0E,5
2018-12-13,The Spirit,2008,https://boxd.it/20pe,1.5
2018-12-13,The Woman in Black,2012,https://boxd.it/4wu,4
2018-12-13,Twelve Monkeys,1995,https://boxd.it/2beQ,3.5
2018-12-13,Hay que educar a papá,1971,https://boxd.it/3346,3
2018-12-13,Yamakasi,2001,https://boxd.it/21jw,2.5
2018-12-13,Land of the Lost,2009,https://boxd.it/1Htc,2.5
2018-12-13,Remember Me,2010,https://boxd.it/1zyI,2
2018-12-13,The Green Hornet,2011,https://boxd.it/10TQ,3
2018-12-13,P2,2007,https://boxd.it/1Q6m,3.5
2018-12-13,The Muppets,2011,https://boxd.it/1zg,3
2018-12-13,Highlander,1986,https://boxd.it/20GE,4.5
2018-12-13,The Recruit,2003,https://boxd.it/28oS,3
2018-12-13,Bambi Meets Godzilla,1969,https://boxd.it/25AG,1.5
2018-12-13,Out of Time,2003,https://boxd.it/27oW,3.5
2018-12-13,Intruders,2011,https://boxd.it/9pS,2
2018-12-13,Batman & Robin,1997,https://boxd.it/2ar0,1.5
2018-12-13,Batman Forever,1995,https://boxd.it/2ara,1.5
2018-12-13,Batman Returns,1992,https://boxd.it/2awa,3.5
2018-12-13,Batman,1989,https://boxd.it/2aIU,4.5
2018-12-13,The Dark Knight,2008,https://boxd.it/2b0k,4.5
2018-12-13,Airplane!,1980,https://boxd.it/29yu,4
2018-12-13,The Artist,2011,https://boxd.it/2AwK,3.5
2018-12-13,A Few Good Men,1992,https://boxd.it/29nw,4.5
2018-12-13,Dawn of the Dead,2004,https://boxd.it/29gK,3
2018-12-13,The Lion King 1½,2004,https://boxd.it/1TRg,3.5
2018-12-13,Meet the Robinsons,2007,https://boxd.it/28Ym,3
2018-12-13,Tron,1982,https://boxd.it/2b9w,3.5
2018-12-13,The Karate Kid,1984,https://boxd.it/27Wk,3.5
2018-12-13,The Karate Kid Part II,1986,https://boxd.it/1ZJM,3
2018-12-13,The Karate Kid Part III,1989,https://boxd.it/1W7q,2
2018-12-13,Sherlock Holmes: A Game of Shadows,2011,https://boxd.it/k3S,4
2018-12-13,Kung Fu Hustle,2004,https://boxd.it/1YBi,4
2018-12-13,21 Jump Street,2012,https://boxd.it/J0,3.5
2018-12-13,Plan 9 from Outer Space,1957,https://boxd.it/1W50,2.5
2018-12-13,Men in Black II,2002,https://boxd.it/2a0y,3
2018-12-13,Men in Black 3,2012,https://boxd.it/103U,3.5
2018-12-13,Safe House,2012,https://boxd.it/hbk,3.5
2018-12-13,Machete,2010,https://boxd.it/1yXW,3
2018-12-13,A Trip to the Moon,1902,https://boxd.it/29EC,3.5
2018-12-13,Safe,2012,https://boxd.it/2oxc,2
2018-12-13,The Bank Job,2008,https://boxd.it/1ZL4,3
2018-12-13,Spider-Man,2002,https://boxd.it/2a8i,2.5
2018-12-13,Spider-Man 3,2007,https://boxd.it/2a7Y,2
2018-12-13,The Butterfly Effect,2004,https://boxd.it/27M0,4.5
2018-12-13,The Dark Knight Rises,2012,https://boxd.it/H3m,4
2018-12-13,Ice Age: Continental Drift,2012,https://boxd.it/lQ2,3
2018-12-13,The Big Lebowski,1998,https://boxd.it/2b6C,4
2018-12-13,American Beauty,1999,https://boxd.it/71Y,3.5
2018-12-13,The Smurfs,2011,https://boxd.it/Zcm,1.5
2018-12-13,The Strangers,2008,https://boxd.it/1VGY,3
2018-12-13,12 Angry Men,1957,https://boxd.it/2auI,5
2018-12-13,2001: A Space Odyssey,1968,https://boxd.it/2bf0,4
2018-12-13,Snatch,2000,https://boxd.it/2b7U,4
2018-12-13,American Reunion,2012,https://boxd.it/2qH4,3
2018-12-13,Ted,2012,https://boxd.it/2pgc,3
2018-12-13,Thor,2011,https://boxd.it/1WQU,2
2018-12-13,The Bourne Identity,2002,https://boxd.it/26EO,3.5
2018-12-13,Man on a Ledge,2012,https://boxd.it/FQm,3.5
2018-12-13,Dead Sushi,2012,https://boxd.it/3Iku,3
2018-12-13,Sadako 3D,2012,https://boxd.it/4uZK,2.5
2018-12-13,Looper,2012,https://boxd.it/ham,4.5
2018-12-13,The Words,2012,https://boxd.it/2Wpw,3.5
2018-12-13,Les Misérables: 25th Anniversary in Concert,2010,https://boxd.it/4XZY,5
2018-12-13,Murder by Numbers,2002,https://boxd.it/1SQc,2.5
2018-12-13,Queen of the Damned,2002,https://boxd.it/1SCu,2
2018-12-13,The Twilight Saga: Breaking Dawn – Part 2,2012,https://boxd.it/DdC,2
2018-12-13,The Twilight Saga: Breaking Dawn – Part 1,2011,https://boxd.it/DdM,1.5
2018-12-13,The Twilight Saga: Eclipse,2010,https://boxd.it/1ytW,2.5
2018-12-13,The Twilight Saga: New Moon,2009,https://boxd.it/1Hj2,2
2018-12-13,Twilight,2008,https://boxd.it/1Zui,1.5
2018-12-13,Scooby-Doo,2002,https://boxd.it/1YaQ,2
2018-12-13,Saturday Night Fever,1977,https://boxd.it/1URQ,3
2018-12-13,Red Lights,2012,https://boxd.it/2Bvo,4
2018-12-13,Murder by Death,1976,https://boxd.it/228k,4
2018-12-13,Cube 2: Hypercube,2002,https://boxd.it/2anW,3
2018-12-13,"Tad, the Lost Explorer",2012,https://boxd.it/41tA,3.5
2018-12-13,Les Misérables,2012,https://boxd.it/2TT4,5
2018-12-13,Brave,2012,https://boxd.it/bVG,4.5
2018-12-13,Pay It Forward,2000,https://boxd.it/1VJI,3.5
2018-12-13,Gyo: Tokyo Fish Attack,2012,https://boxd.it/3iky,0.5
2018-12-13,Cube,1997,https://boxd.it/2aoU,3.5
2018-12-13,The Orphanage,2007,https://boxd.it/2bfE,3.5
2018-12-13,Final Destination,2000,https://boxd.it/1YrC,4
2018-12-13,The Man with the Iron Fists,2012,https://boxd.it/3mMm,3
2018-12-13,Total Recall,2012,https://boxd.it/Ro,1.5
2018-12-13,Premium Rush,2012,https://boxd.it/FQw,3
2018-12-13,Rocky,1976,https://boxd.it/28Uk,3.5
2018-12-13,Cirque du Soleil: Worlds Away,2012,https://boxd.it/3hSE,4
2018-12-13,Django Unchained,2012,https://boxd.it/2cCk,4.5
2018-12-13,Paperman,2012,https://boxd.it/4uYW,5
2018-12-13,A Bug's Life,1998,https://boxd.it/1Yyy,3
2018-12-13,La luna,2011,https://boxd.it/2WbO,4.5
2018-12-13,Flight,2012,https://boxd.it/35Ca,3
2018-12-13,Hercules,1997,https://boxd.it/1SDW,4
2018-12-13,Mindhunters,2004,https://boxd.it/1JTG,3
2018-12-13,The Host,2013,https://boxd.it/2nIy,2
2018-12-13,Oz the Great and Powerful,2013,https://boxd.it/2cAI,3.5
2018-12-13,Iron Man 3,2013,https://boxd.it/2cBQ,4
2018-12-13,Frankenweenie,2012,https://boxd.it/bPS,2.5
2018-12-13,Dark Shadows,2012,https://boxd.it/bQ2,2.5
2018-12-13,The Great Gatsby,2013,https://boxd.it/JY,3.5
2018-12-13,Oblivion,2013,https://boxd.it/2Bzq,3.5
2018-12-13,Despicable Me,2010,https://boxd.it/1DD8,3
2018-12-13,Training Day,2001,https://boxd.it/27A4,4.5
2018-12-13,One Man Band,2005,https://boxd.it/1P6g,3
2018-12-13,Red's Dream,1987,https://boxd.it/1P7o,2
2018-12-13,The Internship,2013,https://boxd.it/3SWS,3
2018-12-13,Monsters University,2013,https://boxd.it/bQm,3.5
2018-12-13,The Conjuring,2013,https://boxd.it/4sr2,4.5
2018-12-13,Now You See Me,2013,https://boxd.it/2Bsu,4
2018-12-13,Battleship,2012,https://boxd.it/QZ0,1.5
2018-12-13,The Wolverine,2013,https://boxd.it/2CWU,2.5
2018-12-13,American Pie,1999,https://boxd.it/27qy,3.5
2018-12-13,American Pie 2,2001,https://boxd.it/26kO,2.5
2018-12-13,American Pie Presents: The Naked Mile,2006,https://boxd.it/20qG,1
2018-12-13,American Pie Presents: Beta House,2007,https://boxd.it/20qm,0.5
2018-12-13,American Pie Presents: The Book of Love,2009,https://boxd.it/1uwC,1
2018-12-13,Sucker Punch,2011,https://boxd.it/1yYg,2
2018-12-13,The Hangover Part II,2011,https://boxd.it/PZI,2
2018-12-13,The Hangover Part III,2013,https://boxd.it/3GNY,2.5
2018-12-13,Pacific Rim,2013,https://boxd.it/2cB2,4.5
2018-12-13,Shakespeare in Love,1998,https://boxd.it/27Pe,2.5
2018-12-13,World War Z,2013,https://boxd.it/2p2E,3
2018-12-13,First Blood,1982,https://boxd.it/28U0,4
2018-12-13,Predator,1987,https://boxd.it/2b84,2
2018-12-13,Cars,2006,https://boxd.it/29ho,2.5
2018-12-13,Antz,1998,https://boxd.it/1ZB4,2.5
2018-12-13,Snow White and the Seven Dwarfs,1937,https://boxd.it/2arO,4
2018-12-13,The Little Mermaid,1989,https://boxd.it/1WYO,2.5
2018-12-13,Mulan,1998,https://boxd.it/1VFw,3
2018-12-13,Bambi,1942,https://boxd.it/25AQ,2
2018-12-13,Dumbo,1941,https://boxd.it/1U2o,3.5
2018-12-13,The Mummy,1999,https://boxd.it/2a7a,4
2018-12-13,Romancing the Stone,1984,https://boxd.it/1YXS,3
2018-12-13,Cyrano de Bergerac,1990,https://boxd.it/1TgY,2
2018-12-13,The Matrix Reloaded,2003,https://boxd.it/2a1c,2.5
2018-12-13,The Matrix Revolutions,2003,https://boxd.it/2a12,1.5
2018-12-13,The Abyss,1989,https://boxd.it/26mK,3
2018-12-13,Mission to Mars,2000,https://boxd.it/27w2,1.5
2018-12-13,Ghostbusters,1984,https://boxd.it/g2w,4
2018-12-13,Doctor Dolittle,1998,https://boxd.it/25RM,2
2018-12-13,Top Secret!,1984,https://boxd.it/1ZSE,4.5
2018-12-13,Vantage Point,2008,https://boxd.it/20Uw,3
2018-12-13,Meet the Spartans,2008,https://boxd.it/213S,0.5
2018-12-13,Independence Day,1996,https://boxd.it/2a1w,3
2018-12-13,Waterworld,1995,https://boxd.it/1XLG,2
2018-12-13,A.I. Artificial Intelligence,2001,https://boxd.it/29Ve,3
2018-12-13,Signs,2002,https://boxd.it/26t2,2.5
2018-12-13,Children of Men,2006,https://boxd.it/1Y2i,4
2018-12-13,Master and Commander: The Far Side of the World,2003,https://boxd.it/200S,3.5
2018-12-13,The Island,2005,https://boxd.it/28qE,3
2018-12-13,Remember the Titans,2000,https://boxd.it/1VLk,5
2018-12-13,From Romero to Rome: The Rise and Fall of the Italian Zombie Movie,2012,https://boxd.it/7fru,3
2018-12-13,April Apocalypse,2013,https://boxd.it/870M,3
2018-12-13,The Dead 2: India,2013,https://boxd.it/6od0,1.5
2018-12-13,Battle of the Damned,2013,https://boxd.it/5CVo,2.5
2018-12-13,Stalled,2013,https://boxd.it/5eTI,3.5
2018-12-13,Prisoners,2013,https://boxd.it/4E5i,4.5
2018-12-13,Sinister,2012,https://boxd.it/2TnW,3.5
2018-12-13,Let the Right One In,2008,https://boxd.it/1Qr0,3.5
2018-12-13,Saw,2003,https://boxd.it/7eiG,4
2018-12-13,Witching & Bitching,2013,https://boxd.it/5u6M,4
2018-12-13,Scary Movie 5,2013,https://boxd.it/24AU,0.5
2018-12-13,Scary Movie 3,2003,https://boxd.it/24Be,3.5
2018-12-13,Scary Movie 4,2006,https://boxd.it/24B4,1.5
2018-12-13,Scary Movie 2,2001,https://boxd.it/24Cw,1
2018-12-13,The World Is Not Enough,1999,https://boxd.it/1a94,2.5
2018-12-13,Die Another Day,2002,https://boxd.it/1a5G,3
2018-12-13,The Hobbit: An Unexpected Journey,2012,https://boxd.it/GZk,3
2018-12-13,The Hobbit: The Desolation of Smaug,2013,https://boxd.it/nmS,4
2018-12-13,Hancock,2008,https://boxd.it/1Zv6,3.5
2018-12-13,The Ferpect Crime,2004,https://boxd.it/1Yri,3
2018-12-13,The Baby's Room,2006,https://boxd.it/1MYY,4
2018-12-13,Touch the Sky,2007,https://boxd.it/3qcM,0.5
2018-12-13,La torre de Suso,2007,https://boxd.it/1d5a,2.5
2018-12-13,Chef's Special,2008,https://boxd.it/1L9g,3
2018-12-13,The Indian in the Cupboard,1995,https://boxd.it/1U2y,3
2018-12-13,Amélie,2001,https://boxd.it/2aUc,5
2018-12-13,Labyrinth,1986,https://boxd.it/1POC,4
2018-12-13,Four Rooms,1995,https://boxd.it/73g,3
2018-12-13,Escape Plan,2013,https://boxd.it/3DX2,3
2018-12-13,The Usual Suspects,1995,https://boxd.it/29XE,4.5
2018-12-13,The Wolf of Wall Street,2013,https://boxd.it/3C1m,4
2018-12-13,Grand Piano,2013,https://boxd.it/6xyQ,3
2018-12-13,The Three Musketeers,2011,https://boxd.it/yXg,1.5
2018-12-13,American Hustle,2013,https://boxd.it/5dz8,2
2018-12-13,Mortal Kombat,1995,https://boxd.it/1YZY,1
2018-12-13,Death Defying Acts,2007,https://boxd.it/1P9Y,2
2018-12-13,Frozen,2013,https://boxd.it/3GNa,3.5
2018-12-13,12 Years a Slave,2013,https://boxd.it/2D2e,3
2018-12-13,The League of Extraordinary Gentlemen,2003,https://boxd.it/1ZVy,2.5
2018-12-13,300: Rise of an Empire,2014,https://boxd.it/xaC,3.5
2018-12-13,Setup,2011,https://boxd.it/2t9O,0.5
2018-12-13,Zombieland,2009,https://boxd.it/1En6,4
2018-12-13,Oldboy,2013,https://boxd.it/35AS,3
2018-12-13,Oldboy,2003,https://boxd.it/29R2,4.5
2018-12-13,Psycho,1960,https://boxd.it/2ab2,3.5
2018-12-13,Exam,2009,https://boxd.it/1mn8,3
2018-12-13,Tucker and Dale vs. Evil,2010,https://boxd.it/Mce,4
2018-12-13,Death Becomes Her,1992,https://boxd.it/1YQi,3.5
2018-12-13,The Grand Budapest Hotel,2014,https://boxd.it/3ZqO,4
2018-12-13,The Island of Dr. Moreau,1996,https://boxd.it/1Z0M,1
2018-12-13,The Secret Life of Walter Mitty,2013,https://boxd.it/3SWy,2.5
2018-12-13,Glory Road,2006,https://boxd.it/1XwQ,3.5
2018-12-13,Dallas Buyers Club,2013,https://boxd.it/4O8G,2.5
2018-12-13,Spanish Affair,2014,https://boxd.it/6YjI,3
2018-12-13,Neighbors,2014,https://boxd.it/5Txe,1.5
2018-12-13,Natural Born Killers,1994,https://boxd.it/2aNg,1.5
2018-12-13,Godzilla,2014,https://boxd.it/47OE,3
2018-12-13,Godzilla,1998,https://boxd.it/29fW,2
2018-12-13,Three Many Weddings,2013,https://boxd.it/63Sc,2.5
2018-12-13,Lady in the Water,2006,https://boxd.it/1Y1E,0.5
2018-12-13,Death Proof,2007,https://boxd.it/27GG,4
2018-12-13,Space Buddies,2009,https://boxd.it/1NsO,1
2018-12-13,47 Ronin,2013,https://boxd.it/Jk,1.5
2018-12-13,Treasure Planet,2002,https://boxd.it/1Znm,2
2018-12-13,Captain America: The Winter Soldier,2014,https://boxd.it/3r58,3.5
2018-12-13,X-Men Origins: Wolverine,2009,https://boxd.it/27ug,2.5
2018-12-13,Scoop,2006,https://boxd.it/2aeg,3
2018-12-13,X-Men: Days of Future Past,2014,https://boxd.it/4aRw,4
2018-12-13,Maleficent,2014,https://boxd.it/3v1u,2
2018-12-13,"I, Frankenstein",2014,https://boxd.it/3r40,1
2018-12-13,Fist of Jesus,2012,https://boxd.it/5clE,3
2018-12-13,Blended,2014,https://boxd.it/6QQY,3
2018-12-13,Fifty Dead Men Walking,2008,https://boxd.it/1Imw,3.5
2018-12-13,Sunshine on Leith,2013,https://boxd.it/6nzu,1.5
2018-12-13,Noah,2014,https://boxd.it/34QA,3
2018-12-13,A Million Ways to Die in the West,2014,https://boxd.it/5H9k,1.5
2018-12-13,Zodiac,2007,https://boxd.it/27MO,4
2018-12-13,Insidious: Chapter 2,2013,https://boxd.it/3dqc,3.5
2018-12-13,Hot Shots! Part Deux,1993,https://boxd.it/1Z90,3.5
2018-12-13,Hot Shots!,1991,https://boxd.it/1YhC,3
2018-12-13,Grandes hitos,1995,https://boxd.it/Bh8,5
2018-12-13,Los premios Mastropiero,2005,https://boxd.it/2KPM,4.5
2018-12-13,El grosso concerto,2001,https://boxd.it/upE,4.5
2018-12-13,Todo por que rías,2000,https://boxd.it/2mzK,4.5
2018-12-13,Hacen muchas gracias de nada,1980,https://boxd.it/2eFU,4.5
2018-12-13,Mastropiero que nunca,1979,https://boxd.it/2eG4,5
2018-12-13,Viejos fracasos,1977,https://boxd.it/1oCu,4.5
2018-12-13,The Lego Movie,2014,https://boxd.it/4pDO,4
2018-12-13,Non-Stop,2014,https://boxd.it/6FtO,3
2018-12-13,Fantastic Four,2005,https://boxd.it/1XVw,2.5
2018-12-13,Transcendence,2014,https://boxd.it/4VSQ,2.5
2018-12-13,The Cabin in the Woods,2011,https://boxd.it/1zOc,4
2018-12-13,Shaun of the Dead,2004,https://boxd.it/29J8,4
2018-12-13,The World's End,2013,https://boxd.it/3EiO,3.5
2018-12-13,22 Jump Street,2014,https://boxd.it/5Fvy,3.5
2018-12-13,Epic Movie,2007,https://boxd.it/1XSs,0.5
2018-12-13,Fight Club,1999,https://boxd.it/2a9q,4.5
2018-12-13,Disaster Movie,2008,https://boxd.it/1Pnc,0.5
2018-12-13,Hot Fuzz,2007,https://boxd.it/2416,3.5
2018-12-13,Thor: The Dark World,2013,https://boxd.it/2DqA,1.5
2018-12-13,Borat: Cultural Learnings of America for Make Benefit Glorious Nation of Kazakhstan,2006,https://boxd.it/2agQ,3.5
2018-12-13,Ali G Indahouse,2002,https://boxd.it/1Z24,2.5
2018-12-13,Spy Kids,2001,https://boxd.it/1Xcw,2
2018-12-13,Spy Kids: All the Time in the World,2011,https://boxd.it/ptm,0.5
2018-12-13,Spy Kids 2: The Island of Lost Dreams,2002,https://boxd.it/1Yyo,1.5
2018-12-13,Spy Kids 3-D: Game Over,2003,https://boxd.it/1S7w,1
2018-12-13,Tropic Thunder,2008,https://boxd.it/20WM,3
2018-12-13,Marshland,2014,https://boxd.it/6Yjo,4
2018-12-13,V/H/S,2012,https://boxd.it/2Y1c,3
2018-12-13,The Flintstones in Viva Rock Vegas,2000,https://boxd.it/29me,0.5
2018-12-13,V/H/S/2,2013,https://boxd.it/4Ysw,3.5
2018-12-13,Sleep Tight,2011,https://boxd.it/2GjC,4
2018-12-13,[REC]³ Genesis,2012,https://boxd.it/2N90,2
2018-12-13,The Sting,1973,https://boxd.it/1Z5s,5
2018-12-13,Ultraviolet,2014,https://boxd.it/9kyO,2
2018-12-13,Ultraviolet,2006,https://boxd.it/1Xww,1
2018-12-13,This Is Where I Leave You,2014,https://boxd.it/73kQ,3.5
2018-12-13,Robot Chicken: Star Wars,2007,https://boxd.it/VBs,3.5
2018-12-13,Wyrmwood: Road of the Dead,2014,https://boxd.it/97fO,0.5
2018-12-13,Life After Beth,2014,https://boxd.it/7bqM,1.5
2018-12-13,Goal of the Dead,2014,https://boxd.it/8i5o,2.5
2018-12-13,Panic Room,2002,https://boxd.it/2490,2.5
2018-12-13,Robot Chicken: Star Wars Episode II,2008,https://boxd.it/VAY,4
2018-12-13,ABCs of Death 2,2014,https://boxd.it/5QbE,3
2018-12-13,Why Horror?,2014,https://boxd.it/98Ae,3.5
2018-12-13,V/H/S: Viral,2014,https://boxd.it/80SW,1.5
2018-12-13,Barbarous Mexico,2014,https://boxd.it/80Ni,3
2018-12-13,1:58,2014,https://boxd.it/9oMA,1.5
2018-12-13,Carlota,2013,https://boxd.it/6BZm,1
2018-12-13,Marisa,2009,https://boxd.it/7Cw8,1
2018-12-13,HK: Forbidden Super Hero,2013,https://boxd.it/68pE,2
2018-12-13,Torrente 4: Lethal crisis,2011,https://boxd.it/iPg,1.5
2018-12-13,6 Souls,2010,https://boxd.it/Zdu,2.5
2018-12-13,Prometheus,2012,https://boxd.it/2s9e,1.5
2018-12-13,Interstellar,2014,https://boxd.it/4VZ8,5
2018-12-13,Inspector Gadget,1999,https://boxd.it/2azy,0.5
2018-12-13,Dracula Untold,2014,https://boxd.it/H4u,2.5
2018-12-13,Teenage Mutant Ninja Turtles,2014,https://boxd.it/3oAs,2.5
2018-12-13,Mr. Nobody,2009,https://boxd.it/1k44,3
2018-12-13,Deliver Us from Evil,2014,https://boxd.it/5B5G,3
2018-12-13,Trash,2014,https://boxd.it/6bR2,3.5
2018-12-13,The Mask of Zorro,1998,https://boxd.it/1YVi,2.5
2018-12-13,Coherence,2013,https://boxd.it/6xza,4.5
2018-12-13,The Man in the Iron Mask,1998,https://boxd.it/1YZO,4
2018-12-13,The Three Musketeers,1993,https://boxd.it/1Xc2,2.5
2018-12-13,Madagascar,2005,https://boxd.it/29dc,3
2018-12-13,Madagascar: Escape 2 Africa,2008,https://boxd.it/1W2K,2.5
2018-12-13,Madagascar 3: Europe's Most Wanted,2012,https://boxd.it/2NF6,3.5
2018-12-13,The Dictator,2012,https://boxd.it/2DEW,2.5
2018-12-13,The Hitchhiker's Guide to the Galaxy,2005,https://boxd.it/20VE,3
2018-12-13,You're Next,2011,https://boxd.it/2WWK,3
2018-12-13,Teenage Mutant Ninja Turtles,1990,https://boxd.it/28FY,3.5
2018-12-13,The Secret in Their Eyes,2009,https://boxd.it/1vWw,4
2018-12-13,Nine Queens,2000,https://boxd.it/1HBA,4
2018-12-13,Dawn of the Planet of the Apes,2014,https://boxd.it/3XyQ,4
2018-12-13,Planet of the Apes,2001,https://boxd.it/29ps,1.5
2018-12-13,I Origins,2014,https://boxd.it/7aRM,2
2018-12-13,Magic in the Moonlight,2014,https://boxd.it/6Lko,3.5
2018-12-13,How to Train Your Dragon 2,2014,https://boxd.it/2TRW,4
2018-12-13,The Hobbit: The Battle of the Five Armies,2014,https://boxd.it/43aU,2.5
2018-12-13,Ouija,2014,https://boxd.it/77SM,0.5
2018-12-13,Big Hero 6,2014,https://boxd.it/5rje,4.5
2018-12-13,Harry Potter and the Philosopher's Stone,2001,https://boxd.it/29QS,3.5
2018-12-13,Harry Potter and the Chamber of Secrets,2002,https://boxd.it/29QI,3
2018-12-13,Harry Potter and the Prisoner of Azkaban,2004,https://boxd.it/29Qy,3
2018-12-13,Harry Potter and the Goblet of Fire,2005,https://boxd.it/29Qo,2.5
2018-12-13,Harry Potter and the Order of the Phoenix,2007,https://boxd.it/29Qe,2.5
2018-12-13,Harry Potter and the Half-Blood Prince,2009,https://boxd.it/29FU,2.5
2018-12-13,Harry Potter and the Deathly Hallows: Part 1,2010,https://boxd.it/1RYu,3
2018-12-13,Harry Potter and the Deathly Hallows: Part 2,2011,https://boxd.it/1RYk,3.5
2018-12-13,The Karate Kid,2010,https://boxd.it/15HA,3
2018-12-13,Bad Boys,1995,https://boxd.it/1XVG,3
2018-12-13,The Rock,1996,https://boxd.it/1XM0,3.5
2018-12-13,Real Steel,2011,https://boxd.it/147m,3
2018-12-13,Due Date,2010,https://boxd.it/YFs,2.5
2018-12-13,Fury,2014,https://boxd.it/6JwC,4
2018-12-13,Life of Brian,1979,https://boxd.it/2a4q,5
2018-12-13,Birdman or (The Unexpected Virtue of Ignorance),2014,https://boxd.it/5RFA,5
2018-12-13,Taken,2008,https://boxd.it/1ZXa,3
2018-12-13,Into the Woods,2014,https://boxd.it/6DtW,3
2018-12-13,Taken 3,2014,https://boxd.it/7Iqq,2.5
2018-12-13,Taken 2,2012,https://boxd.it/2TWi,2
2018-12-13,Prince of Persia: The Sands of Time,2010,https://boxd.it/1YpQ,1.5
2018-12-13,Annie,2014,https://boxd.it/5W4u,2
2018-12-13,Ray,2004,https://boxd.it/28km,4
2018-12-13,Alex Cross,2012,https://boxd.it/3hTi,1
2018-12-13,Righteous Kill,2008,https://boxd.it/1Qhk,2
2018-12-13,The Interview,2014,https://boxd.it/6KQ4,2.5
2018-12-13,The Imitation Game,2014,https://boxd.it/6aig,4
2018-12-13,Con Air,1997,https://boxd.it/28gO,2.5
2018-12-13,Bicentennial Man,1999,https://boxd.it/2722,2.5
2018-12-13,Night at the Museum: Secret of the Tomb,2014,https://boxd.it/5x3m,2
2018-12-13,Whiplash,2014,https://boxd.it/7bQA,4.5
2018-12-13,I Am Sam,2001,https://boxd.it/1V04,4.5
2018-12-13,Outcast,2014,https://boxd.it/933a,0.5
2018-12-13,A Walk Among the Tombstones,2014,https://boxd.it/5fgM,3
2018-12-13,Focus,2015,https://boxd.it/7zl2,3
2018-12-13,E.T. the Extra-Terrestrial,1982,https://boxd.it/2a1G,4
2018-12-13,Wild Tales,2014,https://boxd.it/7UmK,4.5
2018-12-13,Rosemary's Baby,1968,https://boxd.it/29zM,4.5
2018-12-13,The Thing,1982,https://boxd.it/294O,4
2018-12-13,Pan's Labyrinth,2006,https://boxd.it/28No,4
2018-12-13,Ju-on: The Grudge,2002,https://boxd.it/1SY6,2.5
2018-12-13,Underworld,2003,https://boxd.it/2aHs,2
2018-12-13,The Day of the Beast,1995,https://boxd.it/1Vyg,4
2018-12-13,Vampires,1998,https://boxd.it/1XsY,2.5
2018-12-13,Ghost,1990,https://boxd.it/2aLE,3
2018-12-13,Live Free or Die Hard,2007,https://boxd.it/28zQ,2
2018-12-13,Requiem for a Dream,2000,https://boxd.it/29VI,4
2018-12-13,What We Do in the Shadows,2014,https://boxd.it/7eQy,3.5
2018-12-13,Tusk,2014,https://boxd.it/7eoa,3
2018-12-13,Alexia,2013,https://boxd.it/auNw,3
2018-12-13,Wrath of the Titans,2012,https://boxd.it/nlU,2
2018-12-13,Clash of the Titans,2010,https://boxd.it/1GfI,3
2018-12-13,Nightcrawler,2014,https://boxd.it/780m,4
2018-12-13,Horrible Bosses 2,2014,https://boxd.it/6HWy,2.5
2018-12-13,Serial (Bad) Weddings,2014,https://boxd.it/7Nw4,3
2018-12-13,The Fast and the Furious,2001,https://boxd.it/1XMu,3
2018-12-13,2 Fast 2 Furious,2003,https://boxd.it/2a4g,2
2018-12-13,The Fast and the Furious: Tokyo Drift,2006,https://boxd.it/1Yeo,2
2018-12-13,Fast & Furious,2009,https://boxd.it/1Pnm,2.5
2018-12-13,Fast Five,2011,https://boxd.it/BgO,3
2018-12-13,Pixels,2010,https://boxd.it/4pfM,3.5
2018-12-13,The Avengers,2012,https://boxd.it/1xFW,4
2018-12-13,Chappie,2015,https://boxd.it/5Y3e,3.5
2018-12-13,Mad Max,1979,https://boxd.it/1Y7i,3.5
2018-12-13,Mad Max 2,1981,https://boxd.it/1ZPg,3.5
2018-12-13,Timeline,2003,https://boxd.it/1YmM,1.5
2018-12-13,Furious 7,2015,https://boxd.it/5cVs,3
2018-12-13,It Follows,2014,https://boxd.it/87wo,4
2018-12-13,Tomorrowland,2015,https://boxd.it/4YaC,3.5
2018-12-13,Kung Fury,2015,https://boxd.it/7mSM,4
2018-12-13,The Lost World: Jurassic Park,1997,https://boxd.it/2azS,2.5
2018-12-13,Jurassic Park III,2001,https://boxd.it/2azI,2
2018-12-13,Terminator Salvation,2009,https://boxd.it/2abQ,2.5
2018-12-13,Machete Kills,2013,https://boxd.it/3BQI,2.5
2018-12-13,Jurassic World,2015,https://boxd.it/4n0g,3
2018-12-13,San Andreas,2015,https://boxd.it/7sUa,2.5
2018-12-13,Ex Machina,2015,https://boxd.it/7T2k,4
2018-12-13,Terminator Genisys,2015,https://boxd.it/35s0,3
2018-12-13,Cirque du Soleil: Corteo,2006,https://boxd.it/1M0k,4.5
2018-12-13,Daredevil,2003,https://boxd.it/1YzG,1.5
2018-12-13,Geri's Game,1997,https://boxd.it/1P6U,3.5
2018-12-13,Jeepers Creepers 2,2003,https://boxd.it/1U3Q,1.5
2018-12-13,Jeepers Creepers,2001,https://boxd.it/1ZAg,2.5
2018-12-13,Pixels,2015,https://boxd.it/7BaA,3
2018-12-13,The Pink Panther,2006,https://boxd.it/1Sys,1
2018-12-13,Cheaper by the Dozen,2003,https://boxd.it/1USa,2
2018-12-13,Just Married,2003,https://boxd.it/1Szg,2
2018-12-13,Night at the Museum: Battle of the Smithsonian,2009,https://boxd.it/1H7U,1.5
2018-12-13,Night at the Museum,2006,https://boxd.it/28wi,2.5
2018-12-13,Bringing Down the House,2003,https://boxd.it/1VES,1.5
2018-12-13,Mr. Brooks,2007,https://boxd.it/25nW,4
2018-12-13,Inside Out,2015,https://boxd.it/4KHC,4.5
2018-12-13,The Man from U.N.C.L.E.,2015,https://boxd.it/67lG,4.5
2018-12-13,Ant-Man,2015,https://boxd.it/3vmW,2.5
2018-12-13,Mad Max: Fury Road,2015,https://boxd.it/2DjO,3.5
2018-12-13,The Game Plan,2007,https://boxd.it/1PDY,0.5
2018-12-13,Ted 2,2015,https://boxd.it/6oCY,3
2018-12-13,Pan,2015,https://boxd.it/7XYi,3
2018-12-13,Vacation,2015,https://boxd.it/9n9M,2
2018-12-13,Contracted: Phase II,2015,https://boxd.it/bzQM,0.5
2018-12-13,Cooties,2014,https://boxd.it/76Ry,3.5
2018-12-13,George Lucas in Love,1999,https://boxd.it/1Nnu,4
2018-12-13,Selfie from Hell,2015,https://boxd.it/dcZA,2
2018-12-13,The Incredible Hulk,2008,https://boxd.it/28dU,3
2018-12-13,Blade: Trinity,2004,https://boxd.it/1a8q,1.5
2018-12-13,The Chronicles of Riddick,2004,https://boxd.it/26iy,1.5
2018-12-13,The Goonies,1985,https://boxd.it/1YVC,4
2018-12-13,Back to the Future Part III,1990,https://boxd.it/2aTS,3.5
2018-12-13,Who Framed Roger Rabbit,1988,https://boxd.it/29ry,4
2018-12-13,Cast Away,2000,https://boxd.it/20i8,3.5
2018-12-13,Toy Story That Time Forgot,2014,https://boxd.it/7zVa,3
2018-12-13,The Martian,2015,https://boxd.it/8SeG,3.5
2018-12-13,The Intern,2015,https://boxd.it/7AOE,2.5
2018-12-13,Lawless,2012,https://boxd.it/2TIK,3
2018-12-13,Blade II,2002,https://boxd.it/1agO,2
2018-12-13,Blade Runner,1982,https://boxd.it/2bcA,4.5
2018-12-13,Robin Hood,2010,https://boxd.it/1D6o,3
2018-12-13,Body of Lies,2008,https://boxd.it/1SvS,3.5
2018-12-13,Crimson Peak,2015,https://boxd.it/62Ty,4.5
2018-12-13,Spy Time,2015,https://boxd.it/8NQg,3
2018-12-13,Cosmic Scrat-tastrophe,2015,https://boxd.it/cIM2,2.5
2018-12-13,The Evil Dead,1981,https://boxd.it/29Go,3.5
2018-12-13,The Guest,2014,https://boxd.it/76RS,3.5
2018-12-13,Nothing Co.,2014,https://boxd.it/eexg,4
2018-12-13,Zepo,2014,https://boxd.it/e4aw,3
2018-12-13,Black Tape,2014,https://boxd.it/aWNO,1
2018-12-13,Limbo Limbo Travel,2015,https://boxd.it/aKQG,1.5
2018-12-13,Love Is Blind,2015,https://boxd.it/criu,4
2018-12-13,Sexy Laundry,2015,https://boxd.it/dHNq,1
2018-12-13,Hipopotamy,2014,https://boxd.it/cQiO,1
2018-12-13,EuroTrip,2004,https://boxd.it/1YTQ,2
2018-12-13,Riley's First Date?,2015,https://boxd.it/bZN0,3.5
2018-12-13,Sanjay's Super Team,2015,https://boxd.it/bA6A,2.5
2018-12-13,The Good Dinosaur,2015,https://boxd.it/3AD4,3
2018-12-13,Following,1998,https://boxd.it/1Tj4,4
2018-12-13,Doodlebug,1997,https://boxd.it/TZC,3
2018-12-13,Star Wars: Episode I – The Phantom Menace,1999,https://boxd.it/27Vc,2.5
2018-12-13,Star Wars: Episode II – Attack of the Clones,2002,https://boxd.it/27V2,2.5
2018-12-13,Star Wars: Episode III – Revenge of the Sith,2005,https://boxd.it/27US,3
2018-12-13,Star Wars,1977,https://boxd.it/72s,4.5
2018-12-13,The Empire Strikes Back,1980,https://boxd.it/27Vw,5
2018-12-13,Return of the Jedi,1983,https://boxd.it/27Vm,4.5
2018-12-13,eXistenZ,1999,https://boxd.it/27Ni,2
2018-12-13,Capture the Flag,2015,https://boxd.it/9ynU,2
2018-12-13,My Big Night,2015,https://boxd.it/b3Vg,2
2018-12-13,It's Now or Never,2015,https://boxd.it/9ynK,2
2018-12-13,Charlie and the Chocolate Factory,2005,https://boxd.it/2b68,3.5
2018-12-13,Sherlock: The Abominable Bride,2016,https://boxd.it/dbTQ,4.5
2018-12-13,Hachi: A Dog's Tale,2009,https://boxd.it/1q4a,3.5
2018-12-13,Burying the Ex,2014,https://boxd.it/7xnq,2.5
2018-12-13,Gravity,2013,https://boxd.it/GZY,2.5
2018-12-13,Innerspace,1987,https://boxd.it/26yQ,3
2018-12-13,Million Dollar Baby,2004,https://boxd.it/2bdI,3.5
2018-12-13,Superman,1978,https://boxd.it/27Qm,3.5
2018-12-13,Kick-Ass,2010,https://boxd.it/1zaQ,4
2018-12-13,Captain America: The First Avenger,2011,https://boxd.it/28b0,2.5
2018-12-13,Mortadelo & Filemon: The Big Adventure,2003,https://boxd.it/1Zsc,2.5
2018-12-13,Scream,1996,https://boxd.it/24EC,2.5
2018-12-13,Halloween,1978,https://boxd.it/2wRu,3.5
2018-12-13,Child's Play,1988,https://boxd.it/1VTo,3
2018-12-13,Friday the 13th,1980,https://boxd.it/24fs,3.5
2018-12-13,The Telephone Box,1972,https://boxd.it/xKU,4
2018-12-13,The Naked Gun: From the Files of Police Squad!,1988,https://boxd.it/18YE,3.5
2018-12-13,The Longest Penalty Shot in the World,2005,https://boxd.it/UuU,3
2018-12-13,The Gift,2015,https://boxd.it/aJMy,3.5
2018-12-13,Kill Bill: Vol. 2,2004,https://boxd.it/2au4,3.5
2018-12-13,Finding Neverland,2004,https://boxd.it/29pW,4
2018-12-13,Death Race,2008,https://boxd.it/1W9m,2.5
2018-12-13,Sinister 2,2015,https://boxd.it/8L58,1.5
2018-12-13,Hostel,2005,https://boxd.it/28ig,3
2018-12-13,Tenacious D in The Pick of Destiny,2006,https://boxd.it/27go,4
2018-12-13,Cloverfield,2008,https://boxd.it/2192,3.5
2018-12-13,Gulliver's Travels,2010,https://boxd.it/15iK,2
2018-12-13,Nacho Libre,2006,https://boxd.it/1YTG,1
2018-12-13,School of Rock,2003,https://boxd.it/28xK,3
2018-12-13,Rocky II,1979,https://boxd.it/28Ua,3
2018-12-13,Rocky IV,1985,https://boxd.it/28T2,3.5
2018-12-13,Rocky Balboa,2006,https://boxd.it/291q,3.5
2018-12-13,Big Fish,2003,https://boxd.it/2a3M,5
2018-12-13,Sin City: A Dame to Kill For,2014,https://boxd.it/2aV0,3
2018-12-13,Catch Me If You Can,2002,https://boxd.it/29VS,4.5
2018-12-13,The Revenant,2015,https://boxd.it/8H5e,5
2018-12-13,How to Be Single,2016,https://boxd.it/7GJq,1.5
2018-12-13,Rocky III,1982,https://boxd.it/28Tw,2.5
2018-12-13,Bridge of Spies,2015,https://boxd.it/9n9C,3
2018-12-13,Creed,2015,https://boxd.it/a2qk,3.5
2018-12-13,Deadpool,2016,https://boxd.it/9fOC,4.5
2018-12-13,Big,1988,https://boxd.it/271S,3
2018-12-13,Homefront,2013,https://boxd.it/67Wi,1.5
2018-12-13,Paper Towns,2015,https://boxd.it/8T5g,1.5
2018-12-13,Game Over,2006,https://boxd.it/3tzu,3.5
2018-12-13,Spotlight,2015,https://boxd.it/a84k,4
2018-12-13,Horns,2013,https://boxd.it/4J8Q,3
2018-12-13,Man on Fire,2004,https://boxd.it/1Yvk,4
2018-12-13,The Hateful Eight,2015,https://boxd.it/8gw8,4.5
2018-12-13,Man of Steel,2013,https://boxd.it/FRk,3.5
2018-12-13,Batman v Superman: Dawn of Justice,2016,https://boxd.it/6fBW,2
2018-12-13,Olympus Has Fallen,2013,https://boxd.it/3TMY,2
2018-12-13,The Phantom of the Opera at the Royal Albert Hall,2011,https://boxd.it/2CMK,5
2018-12-13,Avengers: Age of Ultron,2015,https://boxd.it/3qi6,3.5
2018-12-13,Iron Man,2008,https://boxd.it/28dA,4
2018-12-13,Spanish Affair 2,2015,https://boxd.it/bHoQ,1.5
2018-12-13,The Amazing Spider-Man,2012,https://boxd.it/27PI,2.5
2018-12-13,The Amazing Spider-Man 2,2014,https://boxd.it/3utM,2
2018-12-13,Captain America: Civil War,2016,https://boxd.it/89Ja,4.5
2018-12-13,The Boy,2016,https://boxd.it/apZi,2.5
2018-12-13,The Invitation,2015,https://boxd.it/9OUU,4
2018-12-13,The Witch,2015,https://boxd.it/9X0m,2.5
2018-12-13,X-Men: Apocalypse,2016,https://boxd.it/7eJi,3
2018-12-13,Big Stan,2007,https://boxd.it/1QGY,1.5
2018-12-13,The Nice Guys,2016,https://boxd.it/94Hg,4
2018-12-13,Warcraft,2016,https://boxd.it/2czK,2
2018-12-13,The Conjuring 2,2016,https://boxd.it/7GJg,4
2018-12-13,Ratatouille,2007,https://boxd.it/27ww,4
2018-12-13,Zootopia,2016,https://boxd.it/84xS,3.5
2018-12-13,Up,2009,https://boxd.it/1OEc,5
2018-12-13,To Steal from a Thief,2016,https://boxd.it/bPui,4
2018-12-13,2037,2015,https://boxd.it/bfwi,3.5
2018-12-13,The Legend of Tarzan,2016,https://boxd.it/7DUU,3
2018-12-13,The Purge,2013,https://boxd.it/4Xg0,2.5
2018-12-13,The Purge: Election Year,2016,https://boxd.it/ae5I,3.5
2018-12-13,Critters,1986,https://boxd.it/24Sk,2
2018-12-13,21 & Over,2013,https://boxd.it/3DOk,1
2018-12-13,The Visit,2015,https://boxd.it/9ssO,2.5
2018-12-13,Suicide Squad,2016,https://boxd.it/9row,2.5
2018-12-13,Now You See Me 2,2016,https://boxd.it/99fw,3.5
2018-12-13,Pete's Dragon,2016,https://boxd.it/9hza,2.5
2018-12-13,Money Monster,2016,https://boxd.it/9GCS,3.5
2018-12-13,Knock Knock,2015,https://boxd.it/7Q9s,2
2018-12-13,The Secret Life of Pets,2016,https://boxd.it/aJ5E,2
2018-12-13,True Grit,2010,https://boxd.it/Sog,3.5
2018-12-13,The Walk,2015,https://boxd.it/8Rao,3.5
2018-12-13,Gone Girl,2014,https://boxd.it/6hQu,4.5
2018-12-13,The Jungle Book,2016,https://boxd.it/8wjk,3.5
2018-12-13,Invictus,2009,https://boxd.it/1zPk,4
2018-12-13,Gran Torino,2008,https://boxd.it/1Qzy,5
2018-12-13,Voices from the Forest,2014,https://boxd.it/9k5s,3.5
2018-12-13,The Flying Car,2002,https://boxd.it/364e,4
2018-12-13,Ghostbusters II,1989,https://boxd.it/261s,3.5
2018-12-13,Star Trek,2009,https://boxd.it/1Q6c,3.5
2018-12-13,War Dogs,2016,https://boxd.it/9SlO,4
2018-12-13,High-Rise,2015,https://boxd.it/7tmo,3
2018-12-13,Star Trek Into Darkness,2013,https://boxd.it/uYE,4
2018-12-13,Star Trek Beyond,2016,https://boxd.it/5Ik4,3
2018-12-13,Push Up,2013,https://boxd.it/bo9s,2.5
2018-12-13,Hostiable,2015,https://boxd.it/bfCq,3.5
2018-12-13,Cell,2016,https://boxd.it/5cGC,1
2018-12-13,Blood Father,2016,https://boxd.it/9Wsu,3
2018-12-13,Mustang,2015,https://boxd.it/baaw,1
2018-12-13,Madhouse,2004,https://boxd.it/1IZI,1.5
2018-12-13,Westworld,1973,https://boxd.it/26RS,4
2018-12-13,Homecoming,2005,https://boxd.it/9nEA,3.5
2018-12-13,Mechanic: Resurrection,2016,https://boxd.it/8wj0,1.5
2018-12-13,Seoul Station,2016,https://boxd.it/dBYs,2.5
2018-12-13,Miruthan,2016,https://boxd.it/cLn0,3.5
2018-12-13,On the Roof,2015,https://boxd.it/dBEW,3
2018-12-13,Snowden,2016,https://boxd.it/9CWO,2.5
2018-12-13,A Monster Calls,2016,https://boxd.it/7DjE,3.5
2018-12-13,The Girl on the Train,2016,https://boxd.it/bCJY,2.5
2018-12-13,Miss Peregrine's Home for Peculiar Children,2016,https://boxd.it/8KPu,3.5
2018-12-13,The Accountant,2016,https://boxd.it/9EhI,4
2018-12-13,Doctor Strange,2016,https://boxd.it/8MH8,4.5
2018-12-13,Black Mirror: White Christmas,2014,https://boxd.it/B3qu,4.5
2018-12-13,Seven Years,2016,https://boxd.it/eXXS,3.5
2018-12-13,Train to Busan,2016,https://boxd.it/dSQU,4
2018-12-13,Cirque du Freak: The Vampire's Assistant,2009,https://boxd.it/1xHo,1.5
2018-12-13,Moana,2016,https://boxd.it/8tfY,4.5
2018-12-13,Inner Workings,2016,https://boxd.it/ejs6,4
2018-12-13,The Big Short,2015,https://boxd.it/ajZw,3.5
2018-12-13,Wreck-It Ralph,2012,https://boxd.it/2TTS,3.5
2018-12-13,Criminal,2016,https://boxd.it/9Cle,2.5
2018-12-13,Rogue One: A Star Wars Story,2016,https://boxd.it/aPvy,4.5
2018-12-26,Spider-Man: Into the Spider-Verse,2018,https://boxd.it/azpY,4.5
2018-12-27,Get Out,2017,https://boxd.it/eOCm,4.5
2018-12-28,Ralph Breaks the Internet,2018,https://boxd.it/edAy,4
2019-01-01,Pitch Perfect,2012,https://boxd.it/3OsE,3
2019-01-01,Black Mirror: Bandersnatch,2018,https://boxd.it/kTDG,4.5
2019-01-03,Pitch Perfect 2,2015,https://boxd.it/7tNa,2.5
2019-01-03,Ghostland,2018,https://boxd.it/h5Uw,3.5
2019-01-03,Antichrist,2009,https://boxd.it/1Inu,2
2019-01-03,The Night Comes for Us,2018,https://boxd.it/g2lc,3.5
2019-01-03,The Equalizer,2014,https://boxd.it/4TUK,3.5
2019-01-03,Incredibles 2,2018,https://boxd.it/7IPg,4.5
2019-01-03,Ocean's Eight,2018,https://boxd.it/eaai,3
2019-01-03,After Earth,2013,https://boxd.it/2TSg,1.5
2019-01-03,Austin Powers in Goldmember,2002,https://boxd.it/29xG,2.5
2019-01-03,Austin Powers: International Man of Mystery,1997,https://boxd.it/29y0,3
2019-01-03,Austin Powers: The Spy Who Shagged Me,1999,https://boxd.it/29xQ,3
2019-01-03,Match Point,2005,https://boxd.it/2b6s,4.5
2019-01-03,Hitchcock,2012,https://boxd.it/3LDa,3
2019-01-03,Don Jon,2013,https://boxd.it/4sdk,1.5
2019-01-03,Lucy,2014,https://boxd.it/75hu,2
2019-01-03,Accepted,2006,https://boxd.it/1XO6,2
2019-01-03,The Babysitter,2017,https://boxd.it/eP1w,3.5
2019-01-03,WALL·E,2008,https://boxd.it/1VEo,4.5
2019-01-03,The Ravenous Beast,2007,https://boxd.it/4fOW,2
2019-01-03,The Beckoning,2009,https://boxd.it/1cBu,0.5
2019-01-03,Shin Godzilla,2016,https://boxd.it/a9lm,2.5
2019-01-03,Kingsman: The Secret Service,2014,https://boxd.it/6dxe,4.5
2019-01-03,Getaway Plan,2016,https://boxd.it/fvPo,3
2019-01-03,White Men Can't Jump,1992,https://boxd.it/1WWy,3
2019-01-03,The Town,2010,https://boxd.it/1zyS,2.5
2019-01-03,Big Daddy,1999,https://boxd.it/1ZkW,2.5
2019-01-03,Locke,2013,https://boxd.it/6hHC,4
2019-01-03,The Fate of the Furious,2017,https://boxd.it/bbCw,2
2019-01-03,Freddy vs. Jason,2003,https://boxd.it/21FC,0.5
2019-01-03,Elektra,2005,https://boxd.it/1XsE,0.5
2019-01-03,Year One,2009,https://boxd.it/1Ink,1
2019-01-03,Jackie Brown,1997,https://boxd.it/2aVO,3.5
2019-01-03,Retribution,2015,https://boxd.it/bNM0,4
2019-01-03,Green Lantern,2011,https://boxd.it/QN4,1.5
2019-01-03,Hotel Transylvania 2,2015,https://boxd.it/4ZLk,2.5
2019-01-03,Hotel Transylvania,2012,https://boxd.it/2DF6,3
2019-01-03,Footprints,2014,https://boxd.it/9QNQ,2.5
2019-01-03,Dinner for Few,2015,https://boxd.it/bIsa,4
2019-01-03,Back to the Future Part II,1989,https://boxd.it/2aYI,4
2019-01-03,Fast & Furious 6,2013,https://boxd.it/2UG6,3
2019-01-03,Jack and the Cuckoo-Clock Heart,2013,https://boxd.it/68tc,2
2019-01-03,The Body,2012,https://boxd.it/3Jsa,3.5
2019-01-03,Boat Trip,2002,https://boxd.it/1YnA,1
2019-01-03,The ABCs of Death,2012,https://boxd.it/35HY,2
2019-01-03,[REC]²,2009,https://boxd.it/1VH8,3
2019-01-03,Jack Ryan: Shadow Recruit,2014,https://boxd.it/4pFq,2.5
2019-01-03,Fantastic Four: Rise of the Silver Surfer,2007,https://boxd.it/27Ii,2
2019-01-03,Asterix & Obelix: Mission Cleopatra,2002,https://boxd.it/268o,1.5
2019-01-03,Viegésimo aniversario,1987,https://boxd.it/2KP8,5
2019-01-03,Unen canto con humor,1999,https://boxd.it/sAq,5
2019-01-03,Las obras de ayer,2002,https://boxd.it/tMi,4
2019-01-03,Lutherapia,2008,https://boxd.it/2mAy,4
2019-01-03,Down Periscope,1996,https://boxd.it/1Za8,2.5
2019-01-03,Beauty and the Beast,2014,https://boxd.it/5Xm0,1.5
2019-01-03,Jack the Giant Slayer,2013,https://boxd.it/2Pwq,2
2019-01-03,RED 2,2013,https://boxd.it/4E4E,2.5
2019-01-03,American Pie Presents: Band Camp,2005,https://boxd.it/20qQ,1
2019-01-03,Bibi Blocksberg and the Secret of Blue Owls,2004,https://boxd.it/10u2,0.5
2019-01-03,The Impossible,2012,https://boxd.it/2N9k,4
2019-01-03,The Zookeeper,2001,https://boxd.it/6fz2,2.5
2019-01-03,Ghosts of Girlfriends Past,2009,https://boxd.it/1RIm,2
2019-01-03,The Day After Tomorrow,2004,https://boxd.it/2aog,2
2019-01-03,Hush,2008,https://boxd.it/1EaG,3
2019-01-03,Smokin' Aces,2006,https://boxd.it/20Ri,3
2019-01-03,Ocean's Thirteen,2007,https://boxd.it/2aEy,3.5
2019-01-03,From Dusk Till Dawn,1996,https://boxd.it/29HQ,2.5
2019-01-03,The Incredibles,2004,https://boxd.it/1XLm,4
2019-01-03,Ocean's Twelve,2004,https://boxd.it/2aZ2,2.5
2019-01-03,Ocean's Eleven,2001,https://boxd.it/2aZm,4.5
2019-01-03,Chaos,2005,https://boxd.it/238A,3.5
2019-01-03,Planet Terror,2007,https://boxd.it/27Gw,3.5
2019-01-03,"Me, Myself & Irene",2000,https://boxd.it/27nY,1
2019-01-03,Along Came a Spider,2001,https://boxd.it/27yW,3
2019-01-03,Open Water,2003,https://boxd.it/2bbM,4
2019-01-03,300,2006,https://boxd.it/28XI,4
2019-01-03,As Good as It Gets,1997,https://boxd.it/268y,3.5
2019-01-03,Desperation,2006,https://boxd.it/1Xkg,3
2019-01-03,Buried,2010,https://boxd.it/1tXC,4
2019-01-03,The Phantom of the Opera,2004,https://boxd.it/1XHu,4
2019-01-03,X-Men: The Last Stand,2006,https://boxd.it/1a5Q,3
2019-01-03,Terminator 3: Rise of the Machines,2003,https://boxd.it/2aES,1.5
2019-01-04,Pitch Perfect 3,2017,https://boxd.it/bUre,2
2019-01-07,Bad Times at the El Royale,2018,https://boxd.it/fSA2,4
2019-01-07,Mission: Impossible III,2006,https://boxd.it/29cI,2.5
2019-01-07,The Godfather Part II,1974,https://boxd.it/2aNq,5
2019-01-07,9 Steps,2017,https://boxd.it/kexi,4.5
2019-01-07,American Wedding,2003,https://boxd.it/20r0,2.5
2019-01-07,Aprieta pero raramente ahoga,2017,https://boxd.it/j5Bo,2
2019-01-07,Banana Pancakes and the Children of Sticky Rice,2015,https://boxd.it/ahII,1
2019-02-04,Champions,2018,https://boxd.it/gjGG,4
2019-02-05,Monsters vs Aliens,2009,https://boxd.it/1M50,2.5
2019-02-05,The Hunchback of Notre Dame,1996,https://boxd.it/1VZQ,2.5
2019-02-05,Pinocchio,1940,https://boxd.it/1V8C,3.5
2019-02-05,Lilo & Stitch,2002,https://boxd.it/1TAY,3.5
2019-02-05,Flubber,1997,https://boxd.it/1YkQ,2
2019-02-05,Small Soldiers,1998,https://boxd.it/1TzQ,3
2019-02-05,Evolution,2001,https://boxd.it/1YMK,2.5
2019-02-09,Upgrade,2018,https://boxd.it/i4gW,4
2019-02-11,Tag,2018,https://boxd.it/gh7Y,3.5
2019-02-11,Ant-Man and the Wasp,2018,https://boxd.it/cqUW,3.5
2019-02-21,Polar,2019,https://boxd.it/hoZg,3
2019-02-26,Happy Death Day,2017,https://boxd.it/fDz4,3.5
2019-03-04,Killing God,2017,https://boxd.it/gDy8,3.5
2019-03-12,Captain Marvel,2019,https://boxd.it/9vSA,2.5
2019-03-26,Us,2019,https://boxd.it/gnV6,3.5
2019-04-01,Happy Death Day 2U,2019,https://boxd.it/ixt6,3.5
2019-04-12,The Possession of Hannah Grace,2018,https://boxd.it/fpVg,1.5
2019-04-23,Mirage,2018,https://boxd.it/jeOm,3.5
2019-05-01,I Can Quit Whenever I Want,2019,https://boxd.it/l6as,3
2019-05-06,Avengers: Endgame,2019,https://boxd.it/9vE4,5
2019-05-08,Once Upon a Deadpool,2018,https://boxd.it/kOfE,3
2019-06-04,It's for Your Own Good,2017,https://boxd.it/frmC,2
2019-06-05,Rocketman,2019,https://boxd.it/iehK,4
2019-06-07,Aladdin,2019,https://boxd.it/eSjy,3
2019-06-07,Aladdin,1992,https://boxd.it/29yE,4
2019-06-10,"Black Mirror: Rachel, Jack and Ashley Too",2019,https://boxd.it/mltQ,3
2019-06-12,Black Mirror: Smithereens,2019,https://boxd.it/mltc,3.5
2019-06-12,Black Mirror: The National Anthem,2011,https://boxd.it/hQYK,4.5
2019-06-12,Black Mirror: Fifteen Million Merits,2011,https://boxd.it/hQYU,3.5
2019-06-12,Black Mirror: The Entire History of You,2011,https://boxd.it/hQZ4,5
2019-06-12,Black Mirror: Be Right Back,2013,https://boxd.it/hRpw,3.5
2019-06-12,Black Mirror: White Bear,2013,https://boxd.it/hRpG,4
2019-06-12,Black Mirror: The Waldo Moment,2013,https://boxd.it/hRpQ,3
2019-06-12,Black Mirror: Nosedive,2016,https://boxd.it/hK9G,3.5
2019-06-12,Black Mirror: Playtest,2016,https://boxd.it/hRR6,3.5
2019-06-12,Black Mirror: Shut Up and Dance,2016,https://boxd.it/hRRq,4
2019-06-12,Black Mirror: San Junipero,2016,https://boxd.it/k4aS,3
2019-06-12,Black Mirror: Men Against Fire,2016,https://boxd.it/hSBS,4
2019-06-12,Black Mirror: Hated in the Nation,2016,https://boxd.it/hSBI,4.5
2019-06-12,Black Mirror: USS Callister,2017,https://boxd.it/hQXi,4
2019-06-12,Black Mirror: Arkangel,2017,https://boxd.it/hQXW,3.5
2019-06-12,Black Mirror: Crocodile,2017,https://boxd.it/hRoS,3
2019-06-12,Black Mirror: Hang the DJ,2017,https://boxd.it/hQYA,4.5
2019-06-12,Black Mirror: Metalhead,2017,https://boxd.it/hRqk,2.5
2019-06-12,Black Mirror: Black Museum,2017,https://boxd.it/hRqu,4
2019-06-12,John Wick: Chapter 3 – Parabellum,2019,https://boxd.it/gmFw,3.5
2019-06-25,Black Mirror: Striking Vipers,2019,https://boxd.it/mlse,3.5
2019-06-25,Blue Streak,1999,https://boxd.it/1UT8,2.5
2019-06-25,A Star Is Born,2018,https://boxd.it/aXgc,4
2019-07-17,Spider-Man: Far From Home,2019,https://boxd.it/fegG,4
2019-07-25,The Lion King,2019,https://boxd.it/eSjI,4
2019-07-25,Clerks,1994,https://boxd.it/2706,4
2019-09-02,The Lego Movie 2: The Second Part,2019,https://boxd.it/8BAU,4
2019-09-02,Escape Room,2019,https://boxd.it/iYlS,2
2019-09-03,Once Upon a Time... in Hollywood,2019,https://boxd.it/gH0O,3.5
2019-09-05,Creed II,2018,https://boxd.it/hgl8,3.5
2019-09-06,Good Omens,2019,https://boxd.it/jUOI,4.5
2019-09-06,Chernobyl,2019,https://boxd.it/mkbG,5
2019-09-09,When They See Us,2019,https://boxd.it/kbJU,4.5
2019-10-06,The Lodge,2019,https://boxd.it/h2c2,4
2019-10-06,Little Monsters,2019,https://boxd.it/iarm,3.5
2019-10-07,Blood Quantum,2019,https://boxd.it/lO7s,1.5
2019-10-07,Rabid,2019,https://boxd.it/dpr2,2.5
2019-10-07,Infection,2019,https://boxd.it/lC0Y,1
2019-10-07,Love Bite,2019,https://boxd.it/nrzM,3
2019-10-07,Starsky & Hutch,2004,https://boxd.it/1YOQ,1.5
2019-10-07,Shed of the Dead,2019,https://boxd.it/iwq6,2
2019-10-09,Years and Years,2019,https://boxd.it/meLI,4.5
2019-10-09,Joker,2019,https://boxd.it/h4cS,5
2019-10-11,Cigarette Burns,2005,https://boxd.it/aH2y,4.5
2019-10-11,"The Gangster, the Cop, the Devil",2019,https://boxd.it/lnuk,4
2019-10-11,Synchronic,2019,https://boxd.it/k3M2,3.5
2019-10-30,Star Wars: The Last Jedi,2017,https://boxd.it/5xme,2.5
2019-10-30,Get Duked!,2019,https://boxd.it/llgK,4
2019-10-30,Monster Party,2018,https://boxd.it/goKS,3
2019-10-30,Deerskin,2019,https://boxd.it/lqOW,4
2019-10-30,Ready or Not,2019,https://boxd.it/kOf0,4
2019-11-12,Un Chien Andalou,1929,https://boxd.it/29Y8,1
2019-11-12,In the Trap,2019,https://boxd.it/o1lc,2.5
2019-11-13,A Good Woman Is Hard to Find,2019,https://boxd.it/i4fY,3
2019-11-13,The Platform,2019,https://boxd.it/mUm6,4.5
2019-11-21,Bliss,2019,https://boxd.it/lAok,1.5
2019-11-21,"I'm Sorry, My Love",2018,https://boxd.it/mFkE,2.5
2019-11-21,Girl on the Third Floor,2019,https://boxd.it/llgU,2
2019-11-21,Scare Package,2019,https://boxd.it/nCsM,1.5
2019-11-21,Come to Daddy,2019,https://boxd.it/lAqK,4
2019-11-21,Vivarium,2019,https://boxd.it/gmVE,3
2019-11-21,Color Out of Space,2019,https://boxd.it/k1HY,3
2019-11-21,Requirements to Be a Normal Person,2015,https://boxd.it/aRV4,2.5
2019-12-01,Spoon Wars,2011,https://boxd.it/9fWm,1.5
2019-12-11,The Irishman,2019,https://boxd.it/dYOq,4
2019-12-11,Knives Out,2019,https://boxd.it/jWEA,4
2019-12-19,Watchmen,2009,https://boxd.it/1QE4,3.5
2019-12-27,Star Wars: The Rise of Skywalker,2019,https://boxd.it/5xlK,3
2020-01-03,Fast & Furious Presents: Hobbs & Shaw,2019,https://boxd.it/dnDA,3
2020-01-03,The Hustle,2019,https://boxd.it/g1ju,1.5
2020-01-03,6 Underground,2019,https://boxd.it/irU6,2.5
2020-01-03,Brightburn,2019,https://boxd.it/jk58,3.5
2020-01-03,Puppet Master: The Littlest Reich,2018,https://boxd.it/dS8I,2
2020-01-03,Sweeney Todd: The Demon Barber of Fleet Street,2007,https://boxd.it/1PcS,4
2020-01-03,Fracture,2007,https://boxd.it/220K,3.5
2020-01-03,Hugo,2011,https://boxd.it/R08,4.5
2020-01-03,The Happening,2008,https://boxd.it/200o,2
2020-01-03,The Purge: Anarchy,2014,https://boxd.it/71zk,3.5
2020-01-03,Phone Booth,2002,https://boxd.it/285G,3
2020-01-03,Braindead,1992,https://boxd.it/29Gy,4
2020-01-03,Star Wars: The Force Awakens,2015,https://boxd.it/4vru,3.5
2020-01-03,Common Wealth,2000,https://boxd.it/1TL8,4
2020-01-03,Mayhem,2017,https://boxd.it/fesW,2.5
2020-01-03,King Arthur: Legend of the Sword,2017,https://boxd.it/8lDS,3
2020-01-03,The Crazies,2010,https://boxd.it/1nvW,4
2020-01-03,Memento,2000,https://boxd.it/2bcK,5
2020-01-03,Insomnia,2002,https://boxd.it/2aB0,3.5
2020-01-03,Batman Begins,2005,https://boxd.it/2aIg,4
2020-01-03,Coach Carter,2005,https://boxd.it/218e,4.5
2020-01-04,Shazam!,2019,https://boxd.it/8WBu,3
2020-01-04,Glass,2019,https://boxd.it/g3uO,2.5
2020-01-05,Jumanji: Welcome to the Jungle,2017,https://boxd.it/bUeE,3
2020-01-07,The Wizard of Oz,1939,https://boxd.it/29Xu,3.5
2020-01-09,Jumanji: The Next Level,2019,https://boxd.it/ixu4,3
2020-01-14,Dunkirk,2017,https://boxd.it/d0Y6,4.5
2020-01-14,1917,2019,https://boxd.it/jj4y,5
2020-01-21,Bad Boys II,2003,https://boxd.it/1ZuW,3.5
2020-01-21,Bad Boys for Life,2020,https://boxd.it/15pc,4
2020-01-22,It Chapter Two,2019,https://boxd.it/h10u,2.5
2020-01-22,Dark Phoenix,2019,https://boxd.it/anyO,2
2020-01-23,Zombieland: Double Tap,2019,https://boxd.it/bgb6,4
2020-01-31,Extra Ordinary,2019,https://boxd.it/jBwU,3
2020-01-31,Fractured,2019,https://boxd.it/kPL2,3.5
2020-01-31,Snowpiercer,2013,https://boxd.it/3Icg,3.5
2020-02-02,Terminator: Dark Fate,2019,https://boxd.it/96YI,3
2020-02-07,Bombshell,2019,https://boxd.it/j5YC,3
2020-02-14,Jojo Rabbit,2019,https://boxd.it/iEBG,4.5
2020-02-19,Parasite,2019,https://boxd.it/hTha,4
2020-02-29,Sherlock: A Study in Pink,2010,https://boxd.it/mueU,4
2020-02-29,Sherlock: The Blind Banker,2010,https://boxd.it/mwHY,3.5
2020-02-29,Sherlock: The Great Game,2010,https://boxd.it/mwRa,4.5
2020-02-29,Sherlock: A Scandal in Belgravia,2012,https://boxd.it/mwHE,4.5
2020-02-29,Sherlock: The Hounds of Baskerville,2012,https://boxd.it/mwHu,3.5
2020-02-29,Sherlock: The Reichenbach Fall,2012,https://boxd.it/mwV2,5
2020-02-29,Sherlock: The Empty Hearse,2014,https://boxd.it/mwIM,4
2020-02-29,Sherlock: The Sign of Three,2014,https://boxd.it/mwSs,4.5
2020-02-29,Sherlock: His Last Vow,2014,https://boxd.it/wls4,5
2020-02-29,Sherlock: The Six Thatchers,2017,https://boxd.it/uDZw,3.5
2020-02-29,Sherlock: The Lying Detective,2017,https://boxd.it/uBH6,5
2020-02-29,Sherlock: The Final Problem,2017,https://boxd.it/fl5A,4.5
2020-03-09,Abraham Lincoln: Vampire Hunter,2012,https://boxd.it/2oG4,1.5
2020-03-14,Frozen II,2019,https://boxd.it/aPvo,2
2020-03-16,Klaus,2019,https://boxd.it/ipoi,3.5
2020-03-26,The Invisible Man,2020,https://boxd.it/kWlA,4
2020-03-26,Quarantine,2008,https://boxd.it/1Pmo,2
2020-03-28,The Occupant,2020,https://boxd.it/p9si,3.5
2020-03-31,Jupiter Ascending,2015,https://boxd.it/2Evm,1.5
2020-04-18,Shrek,2001,https://boxd.it/29zi,4
2020-04-20,Green Book,2018,https://boxd.it/hErk,4.5
2020-04-20,Star,2001,https://boxd.it/1AkC,3
2020-04-23,Hannibal,2001,https://boxd.it/1XVc,3.5
2020-04-23,Hannibal Rising,2007,https://boxd.it/2916,2
2020-05-15,The Gentlemen,2019,https://boxd.it/iYBQ,4.5
2020-06-16,Ghostbusters,2016,https://boxd.it/Vm8,2
2020-07-20,Hamilton,2020,https://boxd.it/kmvE,4.5
2020-08-25,Guns Akimbo,2019,https://boxd.it/gkFu,3.5
2020-08-25,Toc Toc,2017,https://boxd.it/fwnq,2
2020-08-25,Justice League,2017,https://boxd.it/4w68,2
2020-08-31,Thir13en Ghosts,2001,https://boxd.it/1YPO,1.5
2020-09-01,Heroes Wanted,2016,https://boxd.it/d3SK,1
2020-09-09,Young Frankenstein,1974,https://boxd.it/25To,4.5
2020-09-09,Spaceballs,1987,https://boxd.it/29cy,3.5
2020-09-25,Enola Holmes,2020,https://boxd.it/hX2o,3.5
2020-09-25,Onward,2020,https://boxd.it/io92,3.5
2020-09-28,The Babysitter: Killer Queen,2020,https://boxd.it/n4VA,2.5
2020-10-13,Vicious Fun,2020,https://boxd.it/riV8,3.5
2020-10-13,Mandibles,2020,https://boxd.it/nHDK,4
2020-10-13,Relic,2020,https://boxd.it/jEwS,2
2020-10-13,Yummy,2019,https://boxd.it/nvAa,3.5
2020-10-13,Get the Hell Out,2020,https://boxd.it/qSLm,2.5
2020-10-13,Soy leyenda,1967,https://boxd.it/ijrA,1.5
2020-10-13,Routine: The Prohibition,2019,https://boxd.it/qzhi,2
2020-10-14,Advantages of Travelling by Train,2019,https://boxd.it/lDUS,3
2020-10-20,Spiritwalker,2020,https://boxd.it/mdKa,3.5
2020-10-26,Borat Subsequent Moviefilm: Delivery of Prodigious Bribe to American Regime for Make Benefit Once Glorious Nation of Kazakhstan,2020,https://boxd.it/rNS0,3.5
2020-10-26,The Haunting of Hill House,2018,https://boxd.it/kfJ0,4.5
2020-10-26,The Haunting of Bly Manor,2020,https://boxd.it/rUdS,4
2020-11-16,Jack-Jack Attack,2005,https://boxd.it/1P6q,3.5
2020-11-16,Lou,2017,https://boxd.it/fntk,3
2020-11-16,For the Birds,2000,https://boxd.it/1P6K,2.5
2020-12-02,Keep an Eye Out,2018,https://boxd.it/h1aY,3.5
2020-12-03,Pet Sematary,2019,https://boxd.it/4W0q,2.5
2020-12-05,Reality,2014,https://boxd.it/5txC,3
2020-12-10,Freaky,2020,https://boxd.it/ka42,4
2020-12-30,Soul,2020,https://boxd.it/ioLA,4
2021-01-11,The Minions of Midas,2020,https://boxd.it/sR8M,3.5
2021-01-12,Fantastic Beasts: The Crimes of Grindelwald,2018,https://boxd.it/bg8G,2
2021-01-15,Rubber,2010,https://boxd.it/P2m,3.5
2021-01-18,Scrooged,1988,https://boxd.it/1Y9e,3
2021-01-23,Luxo Jr.,1986,https://boxd.it/1P7y,3
2021-01-23,Lava,2014,https://boxd.it/8S9G,3
2021-01-23,Piper,2016,https://boxd.it/dZaG,3.5
2021-01-23,Time Travel Mater,2012,https://boxd.it/4wJ0,2
2021-01-24,Greenland,2020,https://boxd.it/j1Um,3.5
2021-01-31,BURN·E,2008,https://boxd.it/1QdM,3.5
2021-02-21,Wonder Woman,2017,https://boxd.it/9roG,3.5
2021-02-24,Wonder Woman 1984,2020,https://boxd.it/gBtA,2
2021-02-24,Below Zero,2021,https://boxd.it/lDY6,3.5
2021-03-02,Willy's Wonderland,2021,https://boxd.it/nTcG,3
2021-03-07,Hate by Dani Rovira,2021,https://boxd.it/tOE8,3
2021-03-11,La La Land,2016,https://boxd.it/a5fa,2
2021-03-19,Raya and the Last Dragon,2021,https://boxd.it/jbkI,3
2021-03-22,Zack Snyder's Justice League,2021,https://boxd.it/tLOk,3
2021-04-03,El nom,2018,https://boxd.it/iUiK,4
2021-04-13,The People Upstairs,2020,https://boxd.it/qSsa,3.5
2021-04-13,Under the Same Roof,2019,https://boxd.it/kkxe,1.5
2021-05-21,Mortal Kombat,2021,https://boxd.it/gswA,3
2021-05-26,The Fresh Prince of Bel-Air Reunion,2020,https://boxd.it/rHZE,4
2021-05-28,Army of the Dead,2021,https://boxd.it/ic7S,3
2021-06-08,The Conjuring: The Devil Made Me Do It,2021,https://boxd.it/eXZY,3
2021-06-10,Spiral: From the Book of Saw,2021,https://boxd.it/meXk,2
2021-06-15,In the Heights,2021,https://boxd.it/gLhu,3
2021-06-15,Friends: The Reunion,2021,https://boxd.it/pOQq,3.5
2021-06-21,Wrong,2012,https://boxd.it/2V5K,3
2021-06-24,Luca,2021,https://boxd.it/ipjC,3.5
2021-07-06,F9,2021,https://boxd.it/dqsU,3
2021-07-12,Cruella,2021,https://boxd.it/bbKg,3
2021-07-20,The Forever Purge,2021,https://boxd.it/mdzc,3
2021-07-20,Space Jam: A New Legacy,2021,https://boxd.it/dd9A,2.5
2021-07-22,Black Widow,2021,https://boxd.it/hWV8,3
2021-08-06,Jungle Cruise,2021,https://boxd.it/g4YK,3
2021-08-07,Vivo,2021,https://boxd.it/g13w,2.5
2021-08-09,The Suicide Squad,2021,https://boxd.it/fw6O,4
2021-08-09,Hitman's Wife's Bodyguard,2021,https://boxd.it/iZdq,3.5
2021-08-24,Fear Street: 1994,2021,https://boxd.it/lLBk,2.5
2021-08-24,Boss Level,2021,https://boxd.it/iAkw,3.5
2021-08-25,Spider-Man 2,2004,https://boxd.it/2a88,3
2021-09-11,Malignant,2021,https://boxd.it/mViE,3
2021-09-13,Escape Room: Tournament of Champions,2021,https://boxd.it/lwCM,2.5
2021-10-04,Wrath of Man,2021,https://boxd.it/nEia,3.5
2021-10-11,Werewolves Within,2021,https://boxd.it/u8fC,3
2021-10-11,Evie,2021,https://boxd.it/xdm0,2
2021-10-14,Silent Night,2021,https://boxd.it/oJXE,4.5
2021-10-14,Seance,2021,https://boxd.it/nOn0,3
2021-10-17,The Colony,2021,https://boxd.it/sA3g,2
2021-10-18,Prisoners of the Ghostland,2021,https://boxd.it/j0NY,2
2021-10-22,The Sadness,2021,https://boxd.it/tcHe,3
2021-11-03,The Trip,2021,https://boxd.it/sAfm,4
2021-11-05,Army of Thieves,2021,https://boxd.it/tYai,3.5
2021-11-06,V/H/S/94,2021,https://boxd.it/shhy,3.5
2021-11-06,Night of the Living Dicks,2021,https://boxd.it/pVzQ,1.5
2021-11-08,The Medium,2021,https://boxd.it/s0oi,2
2021-11-08,Undergods,2020,https://boxd.it/qJTQ,1
2021-11-09,Beyond the Infinite Two Minutes,2020,https://boxd.it/ujVk,4
2021-11-09,Agnes,2021,https://boxd.it/uit0,2.5
2021-11-09,The Boy Behind the Door,2020,https://boxd.it/rPHI,4
2021-11-09,The Evil Next Door,2020,https://boxd.it/sg9e,3
2021-11-10,Brain Freeze,2021,https://boxd.it/p3B4,2.5
2021-11-10,When I Consume You,2021,https://boxd.it/tGzY,2
2021-11-12,In the Earth,2021,https://boxd.it/s652,2.5
2021-11-12,The Passenger,2021,https://boxd.it/wMnU,3.5
2021-11-13,The Innocents,2021,https://boxd.it/oAlc,1.5
2021-11-13,You're Dead Helen,2021,https://boxd.it/tLse,4
2021-11-15,Offseason,2021,https://boxd.it/tXsU,1
2021-11-15,We Need to Do Something,2021,https://boxd.it/sUEc,2.5
2021-11-15,Shang-Chi and the Legend of the Ten Rings,2021,https://boxd.it/kLDI,3
2021-12-14,Casino Royale,2006,https://boxd.it/1alk,4
2021-12-20,Spider-Man: No Way Home,2021,https://boxd.it/nwRw,5
2021-12-27,Encanto,2021,https://boxd.it/kPRu,3
2021-12-30,Don't Look Up,2021,https://boxd.it/o0Hc,4
2022-01-11,Harry Potter 20th Anniversary: Return to Hogwarts,2022,https://boxd.it/xXJk,3.5
2022-01-11,Quantum of Solace,2008,https://boxd.it/1Vs8,3.5
2022-01-14,The Vault,2021,https://boxd.it/nleI,3.5
2022-01-14,Derek DelGaudio's In & of Itself,2020,https://boxd.it/pq3O,4
2022-01-17,Hotel Transylvania 3: Summer Vacation,2018,https://boxd.it/e1zI,1.5
2022-01-18,Eternals,2021,https://boxd.it/j36o,2
2022-02-02,Ghostbusters: Afterlife,2021,https://boxd.it/f4Pw,3.5
2022-03-01,The King's Man,2021,https://boxd.it/h714,3.5
2022-03-01,Death on the Nile,2022,https://boxd.it/ifpg,3.5
2022-03-07,The Batman,2022,https://boxd.it/eDGs,4.5
2022-03-12,Escape Room: La pel·lícula,2022,https://boxd.it/wjbq,3.5
2022-03-15,Turning Red,2022,https://boxd.it/ipkq,3.5
2022-03-15,The Adam Project,2022,https://boxd.it/q2Dg,3
2022-03-15,Free Guy,2021,https://boxd.it/k8dm,3.5
2022-04-12,Uncharted,2022,https://boxd.it/b5Dy,3.5
2022-04-19,Fantastic Beasts and Where to Find Them,2016,https://boxd.it/7FPC,3
2022-04-19,Fantastic Beasts: The Secrets of Dumbledore,2022,https://boxd.it/bg8Q,3
2022-04-19,Last Night in Soho,2021,https://boxd.it/lbJC,4
2022-05-05,The Lost City,2022,https://boxd.it/sg0Q,3
2022-05-08,The Northman,2022,https://boxd.it/nK2s,3
2022-05-27,Doctor Strange in the Multiverse of Madness,2022,https://boxd.it/gaTc,3
2022-06-11,The Matrix Resurrections,2021,https://boxd.it/n87k,2
2022-06-14,Jurassic World Dominion,2022,https://boxd.it/ikXW,2.5
2022-07-11,Thor: Love and Thunder,2022,https://boxd.it/mMAY,4
2022-08-01,Valley of the Dead,2020,https://boxd.it/mFj2,3
2022-09-02,The Gray Man,2022,https://boxd.it/rb7q,3
2022-09-19,Nope,2022,https://boxd.it/sDCe,3.5
2022-09-27,Elvis,2022,https://boxd.it/mK4w,4
2022-10-05,The Outlaws,2017,https://boxd.it/hewo,3.5
2022-10-08,The Antares Paradox,2022,https://boxd.it/BT88,4
2022-10-10,A Man of Reason,2022,https://boxd.it/op8c,2.5
2022-10-10,Deadstream,2022,https://boxd.it/xryY,4
2022-10-12,The Roundup,2022,https://boxd.it/mVnO,4
2022-10-12,Smoking Causes Coughing,2022,https://boxd.it/wVl4,3.5
2022-10-12,Christmas Bloody Christmas,2022,https://boxd.it/Cy7U,2.5
2022-10-12,V/H/S/99,2022,https://boxd.it/BZYO,3
2022-10-12,Sissy,2022,https://boxd.it/zd5M,3.5
2022-10-15,Vesper,2022,https://boxd.it/ASlI,2.5
2022-10-15,Nocebo,2022,https://boxd.it/tqSK,3
2022-10-16,What to Do With the Dead Kaiju?,2022,https://boxd.it/vmmY,1.5
2022-10-24,Werewolf by Night,2022,https://boxd.it/xMrO,3.5
2022-10-24,The Black Phone,2021,https://boxd.it/sqFE,3
2022-10-26,Dungeons & Dragons,2000,https://boxd.it/1SWu,1
2022-11-01,Barbarian,2022,https://boxd.it/yohi,4
2022-11-03,Reminiscence,2021,https://boxd.it/lhMM,2.5
2022-11-05,Mad Heidi,2022,https://boxd.it/kMSE,3
2022-11-06,Enola Holmes 2,2022,https://boxd.it/vfDe,3.5
2022-11-07,Huella,2022,https://boxd.it/vNI8,2
2022-11-07,Unicorn Wars,2022,https://boxd.it/lBma,1.5
2022-11-08,Huesera: The Bone Woman,2022,https://boxd.it/t1J4,2.5
2022-11-08,Saloum,2021,https://boxd.it/wp1w,3.5
2022-11-08,Lot 36,2022,https://boxd.it/Dk7I,2.5
2022-11-08,Graveyard Rats,2022,https://boxd.it/DkfM,3
2022-11-09,The Autopsy,2022,https://boxd.it/Dkgg,3.5
2022-11-12,[REC]: Horror Without Pause,2022,https://boxd.it/CrIO,3.5
2022-11-12,NightMare,2022,https://boxd.it/BEa4,2
2022-11-13,Project Wolf Hunting,2022,https://boxd.it/u5n4,3.5
2022-11-13,The Lair,2022,https://boxd.it/sy00,2
2022-11-13,Day Zero,2022,https://boxd.it/BlbC,1
2022-11-21,Amsterdam,2022,https://boxd.it/oJ58,3.5
2022-11-22,The Outside,2022,https://boxd.it/DkgA,2
2022-11-27,The Guardians of the Galaxy Holiday Special,2022,https://boxd.it/t77K,3
2022-11-28,Strange World,2022,https://boxd.it/x6Li,2
2022-11-28,Ticket to Paradise,2022,https://boxd.it/u8Cc,3
2022-12-02,Deadwater Fell,2020,https://boxd.it/oW22,4.5
2022-12-02,Inside Man,2022,https://boxd.it/Ay6I,4
2022-12-02,The Unbearable Weight of Massive Talent,2022,https://boxd.it/o6eK,3
2022-12-03,Incredible But True,2022,https://boxd.it/rBtC,3
2022-12-04,See How They Run,2022,https://boxd.it/sNVq,3.5
2022-12-07,The Watcher,2022,https://boxd.it/Daja,3
2022-12-08,The Menu,2022,https://boxd.it/lScm,4
2022-12-10,Black Adam,2022,https://boxd.it/fup0,2
2022-12-13,Black Bird,2022,https://boxd.it/BCSe,4.5
2022-12-15,Dreams in the Witch House,2022,https://boxd.it/Dkh4,2.5
2022-12-15,Pickman's Model,2022,https://boxd.it/DkgU,4
2022-12-18,Avatar,2009,https://boxd.it/1Efm,3.5
2022-12-21,The Viewing,2022,https://boxd.it/Dkhy,1.5
2022-12-24,Avatar: The Way of Water,2022,https://boxd.it/2E2E,3
2022-12-28,A Man Called Otto,2022,https://boxd.it/zl06,4
2023-01-01,Everything Everywhere All at Once,2022,https://boxd.it/jUk4,4
2023-01-04,Skyfall,2012,https://boxd.it/17Fc,4
2023-01-05,Spectre,2015,https://boxd.it/6bXY,3
2023-01-07,No Time to Die,2021,https://boxd.it/cPX2,3.5
2023-01-08,Shrek 2,2004,https://boxd.it/29z8,3.5
2023-01-15,Don't Worry Darling,2022,https://boxd.it/mViu,3.5
2023-01-16,Boiling Point,2021,https://boxd.it/uo2u,4
2023-01-31,Puss in Boots: The Last Wish,2022,https://boxd.it/aaie,4
2023-02-03,The Queen's Gambit,2020,https://boxd.it/s1Ym,4
2023-02-05,Black Panther: Wakanda Forever,2022,https://boxd.it/igPu,2
2023-03-07,Venus,2023,https://boxd.it/rero,3.5
2023-03-08,Ant-Man and the Wasp: Quantumania,2023,https://boxd.it/nL2y,2
2023-03-08,WandaVision,2021,https://boxd.it/sbGW,4
2023-03-08,The Falcon and the Winter Soldier,2021,https://boxd.it/sbH6,2.5
2023-03-08,Loki,2021,https://boxd.it/sbHg,4
2023-03-08,Hawkeye,2021,https://boxd.it/xQqK,3
2023-03-08,Moon Knight,2022,https://boxd.it/zeDq,3.5
2023-03-08,She-Hulk: Attorney at Law,2022,https://boxd.it/CjLK,2.5
2023-03-19,The Whale,2022,https://boxd.it/tw4c,4.5
2023-03-23,John Wick,2014,https://boxd.it/7dEc,4
2023-03-27,Dungeons & Dragons: Honor Among Thieves,2023,https://boxd.it/hN1A,3.5
2023-03-31,John Wick: Chapter 4,2023,https://boxd.it/mh48,4.5
2023-04-23,Everybody Does It,2022,https://boxd.it/xH4A,1.5
2023-04-30,The Night Of,2016,https://boxd.it/eC1I,4.5
2023-05-04,Guardians of the Galaxy,2014,https://boxd.it/3VH2,4.5
2023-05-05,Guardians of the Galaxy Vol. 3,2023,https://boxd.it/fVNI,4.5
2023-05-15,Operation Fortune: Ruse de Guerre,2023,https://boxd.it/rJXA,3.5
2023-07-14,Spider-Man: Across the Spider-Verse,2023,https://boxd.it/kSz4,5
2023-07-20,Enter the Dragon,1973,https://boxd.it/1YCA,4
2023-07-23,Barbie,2023,https://boxd.it/bCLK,3.5
2023-07-24,Fast X,2023,https://boxd.it/drIu,3
2023-07-24,Oppenheimer,2023,https://boxd.it/wUow,4.5
2023-08-04,Haunted Mansion,2023,https://boxd.it/mOsi,2
2023-08-12,Smile,2022,https://boxd.it/xjfE,3.5
2023-08-15,Indiana Jones and the Dial of Destiny,2023,https://boxd.it/b8vM,2.5
2023-08-26,Mission: Impossible – Rogue Nation,2015,https://boxd.it/5rI4,3.5
2023-08-26,Mission: Impossible – Fallout,2018,https://boxd.it/bSVc,3.5
2023-08-31,Mission: Impossible – Dead Reckoning,2023,https://boxd.it/l7zS,4
2023-09-04,Talk to Me,2022,https://boxd.it/C6uQ,3.5
2023-09-12,Creed III,2023,https://boxd.it/pf68,3.5
2023-09-20,A Haunting in Venice,2023,https://boxd.it/zGdg,4
2023-09-27,Becky,2020,https://boxd.it/mcOg,3.5
2023-10-05,Unstoppable,2018,https://boxd.it/kiCc,3
2023-10-06,Let It Ghost,2022,https://boxd.it/BtdQ,2
2023-10-08,Flies,2023,https://boxd.it/IEXk,3.5
2023-10-08,Project Silence,2023,https://boxd.it/rdQ8,3
2023-10-09,The Roundup: No Way Out,2023,https://boxd.it/A4E6,4
2023-10-09,Fishmonger,2023,https://boxd.it/IzNE,4
2023-10-09,Late Night with the Devil,2023,https://boxd.it/zo6G,4
2023-10-10,Vincent Must Die,2023,https://boxd.it/Atvo,3.5
2023-10-11,The Bad Guys: Reign of Chaos,2019,https://boxd.it/lxVA,3
2023-10-20,Totally Killer,2023,https://boxd.it/AOpG,2.5
2023-11-04,The Coffee Table,2022,https://boxd.it/DY2e,4
2023-11-06,"Knit One, Stab Two",2022,https://boxd.it/HTes,1.5
2023-11-06,The Night House,2020,https://boxd.it/jZze,3
2023-11-06,Night of the Bride,2023,https://boxd.it/FQdW,2
2023-11-06,Sleep,2023,https://boxd.it/Aqmo,3.5
2023-11-06,V/H/S/85,2023,https://boxd.it/D4BW,3
2023-11-06,When Evil Lurks,2023,https://boxd.it/rXBe,3.5
2023-11-08,The Wait,2023,https://boxd.it/DSLW,2.5
2023-11-09,"Lovely, Dark, and Deep",2023,https://boxd.it/EcVi,2
2023-11-09,Hostile Dimensions,2023,https://boxd.it/GwH0,3
2023-11-10,Midsommar,2019,https://boxd.it/jhxe,2.5
2023-11-10,The Angry Black Girl and Her Monster,2023,https://boxd.it/EZmm,2
2023-11-10,You'll Never Find Me,2023,https://boxd.it/Gguu,2.5
2023-11-11,I Am Not a Serial Killer,2016,https://boxd.it/dg6E,2
2023-11-12,Raging Grace,2023,https://boxd.it/xbKk,3.5
2023-11-12,It Lives Inside,2023,https://boxd.it/CKzc,2.5
2023-11-12,Infested,2023,https://boxd.it/Egl4,4
2023-11-12,The Lords of Salem,2012,https://boxd.it/3yDm,1
2023-11-12,We Are Zombies,2023,https://boxd.it/H5ug,3
2023-11-12,Vermin,2023,https://boxd.it/uLHq,2.5
2023-11-23,Guy Ritchie's The Covenant,2023,https://boxd.it/xjcK,3.5
2023-12-10,Ambulance,2022,https://boxd.it/sFxg,3
2024-01-12,Napoleon,2023,https://boxd.it/shJM,2.5
2024-01-13,Yannick,2023,https://boxd.it/G2es,2
2024-01-14,Under the Silver Lake,2018,https://boxd.it/dSAs,2
2024-01-14,Lift,2024,https://boxd.it/A5s6,3
2024-01-18,All the Names of God,2023,https://boxd.it/DROK,3.5
2024-01-23,Sympathy for Mr. Vengeance,2002,https://boxd.it/23WU,3.5
2024-02-03,Saw X,2023,https://boxd.it/zUWk,3
2024-02-05,Argylle,2024,https://boxd.it/w1kk,3
2024-02-21,Anyone But You,2023,https://boxd.it/EzA8,2.5
2024-03-11,Pirates of the Caribbean: At World's End,2007,https://boxd.it/2aGu,3
2024-03-12,Coming Home in the Dark,2021,https://boxd.it/qDN8,3
2024-03-13,Dune,2021,https://boxd.it/fA7G,4
2024-03-17,Dune: Part Two,2024,https://boxd.it/pUfA,4.5
2024-03-23,Beau Is Afraid,2023,https://boxd.it/u2gE,2.5
2024-04-15,The King's Speech,2010,https://boxd.it/dX0,4
2024-04-22,Civil War,2024,https://boxd.it/z1jW,4
2024-04-22,Devs,2020,https://boxd.it/ppHI,4.5
2024-04-29,The Fall Guy,2024,https://boxd.it/s0Bm,3.5
2024-04-29,Men,2022,https://boxd.it/tlc0,2.5
2024-05-09,Sisu,2022,https://boxd.it/vHpu,4
2024-05-21,IF,2024,https://boxd.it/nJwG,2.5
2024-05-24,Kingdom of the Planet of the Apes,2024,https://boxd.it/ohEE,2.5
2024-06-09,Bad Boys: Ride or Die,2024,https://boxd.it/l3Ki,4
2024-06-10,Anatomy of a Fall,2023,https://boxd.it/yuDE,4
2024-06-24,Inside Out 2,2024,https://boxd.it/CFrC,4.5
2024-07-24,Dream Scenario,2023,https://boxd.it/v2h0,3.5
2024-07-29,Monkey Man,2024,https://boxd.it/kvsO,3.5
2024-08-05,Deadpool & Wolverine,2024,https://boxd.it/jq8s,4.5
2024-08-05,The Ministry of Ungentlemanly Warfare,2024,https://boxd.it/u5zu,3.5
2024-08-30,Longlegs,2024,https://boxd.it/KzLM,3.5
2024-09-19,Hunting a Monster,2024,https://boxd.it/Q7Yq,4.5
2024-09-24,Terrifier,2016,https://boxd.it/eRzg,2.5
2024-09-30,Wolfs,2024,https://boxd.it/x6zG,3
2024-09-30,Under Therapy,2023,https://boxd.it/C6rW,3.5
2024-10-05,Twilight of the Warriors: Walled In,2024,https://boxd.it/yNla,3
2024-10-10,Strange Darling,2023,https://boxd.it/CVIk,3.5
2024-10-11,The Roundup: Punishment,2024,https://boxd.it/Cseq,4
2024-10-11,The Killers,2024,https://boxd.it/J4Qk,2.5
2024-10-11,Dead Talents Society,2024,https://boxd.it/C3y6,4
2024-10-13,The Summer Hit,2024,https://boxd.it/iPYm,2
2024-10-13,Die Alone,2024,https://boxd.it/H9z0,2.5
2024-10-13,Operation Undead,2024,https://boxd.it/Ljk8,1
2024-10-22,Terrifier 2,2022,https://boxd.it/oI10,3
2024-10-28,A House on Fire,2024,https://boxd.it/Kffw,4
2024-11-02,Knock at the Cabin,2023,https://boxd.it/npL2,4
2024-11-02,M3GAN,2022,https://boxd.it/jxmG,3.5
2024-11-10,The Curse,2024,https://boxd.it/B7Hu,1
2024-11-10,Trap,2024,https://boxd.it/D4nK,3.5
2024-11-11,Azrael,2024,https://boxd.it/CVaM,2.5
2024-11-11,The Substance,2024,https://boxd.it/zanS,4.5
2024-11-11,V/H/S/Beyond,2024,https://boxd.it/Jbwc,2.5
2024-11-14,Night Silence,2024,https://boxd.it/MTqI,2
2024-11-14,Animale,2024,https://boxd.it/CBgg,3
2024-11-14,Ghost Train,2024,https://boxd.it/LcUo,3
2024-11-14,Handsome Guys,2024,https://boxd.it/rE4g,3.5
2024-11-15,Oddity,2024,https://boxd.it/K9pg,3.5
2024-11-15,The Instinct,2024,https://boxd.it/Oe7k,3.5
2024-11-16,Exhuma,2024,https://boxd.it/vCu0,4
2024-11-16,The Rule of Jenny Pen,2024,https://boxd.it/K1S0,3
2024-11-16,Drizzle in Johnson,2023,https://boxd.it/IzMw,0.5
2024-11-17,Terrifier 3,2024,https://boxd.it/D8tM,3.5
2024-11-17,Grafted,2024,https://boxd.it/JyYo,3.5
2024-11-17,MadS,2024,https://boxd.it/M8qQ,4
2024-12-11,Bullet Train,2022,https://boxd.it/qW26,4
2024-12-14,Red One,2024,https://boxd.it/vTBM,2.5
2024-12-15,Beetlejuice,1988,https://boxd.it/24QI,3.5
2024-12-16,Blink Twice,2024,https://boxd.it/vIOg,4
2024-12-17,Jackpot!,2024,https://boxd.it/FnMI,2.5
2024-12-18,Beetlejuice Beetlejuice,2024,https://boxd.it/yyGs,3.5
2024-12-18,Carry-On,2024,https://boxd.it/C0B2,3.5
2024-12-19,Don't Breathe,2016,https://boxd.it/9yzw,4
2024-12-19,Speak No Evil,2024,https://boxd.it/G9f8,4
2024-12-21,Juror #2,2024,https://boxd.it/FRwU,3.5
2024-12-22,Dear Santa,2024,https://boxd.it/FxMo,1.5
2024-12-23,Megalopolis,2024,https://boxd.it/lPBS,1
2024-12-26,I Hate Summer,2024,https://boxd.it/F8MS,2
2024-12-26,Cuerpo escombro,2024,https://boxd.it/JFwQ,1.5
2025-01-01,Pig,2021,https://boxd.it/nzoW,3
2025-01-01,The Voyeurs,2021,https://boxd.it/nZoe,2
2025-01-02,River,2023,https://boxd.it/H1sK,4
2025-01-04,Joker: Folie à Deux,2024,https://boxd.it/xBoE,2
2025-01-04,"Lord, Give Me Patience",2017,https://boxd.it/fwUE,3
2025-01-05,Smile 2,2024,https://boxd.it/FDA4,4
2025-01-09,Boy Kills World,2023,https://boxd.it/xhG4,3
2025-01-11,The Beekeeper,2024,https://boxd.it/wJzS,3
2025-01-11,Wicked,2024,https://boxd.it/e8ME,4.5
2025-01-12,Emilia Pérez,2024,https://boxd.it/AP3G,1.5
2025-01-14,It's What's Inside,2024,https://boxd.it/DOV4,4
2025-01-16,Woman of the Hour,2023,https://boxd.it/vuz2,2.5
2025-01-18,End of Watch,2012,https://boxd.it/2F5O,3
2025-01-19,Upon Entry,2022,https://boxd.it/DMP4,3.5
2025-01-25,X,2022,https://boxd.it/sxVa,3
2025-01-28,Daaaaaalí!,2023,https://boxd.it/DzQe,3.5
2025-01-31,Fly Me to the Moon,2024,https://boxd.it/A7Xg,3
2025-02-01,The Second Act,2024,https://boxd.it/HW9q,2.5
2025-02-03,Moana 2,2024,https://boxd.it/LcjW,2.5
2025-02-09,Heretic,2024,https://boxd.it/H1lY,4.5
2025-02-09,The 47,2024,https://boxd.it/IvNU,4
2025-02-11,Memories of Murder,2003,https://boxd.it/1TSo,4
2025-02-11,The Wild Robot,2024,https://boxd.it/IWFy,4.5
2025-02-12,Bridget Jones's Diary,2001,https://boxd.it/29WQ,3
2025-02-13,Bridget Jones: The Edge of Reason,2004,https://boxd.it/1XMa,2.5
2025-02-15,Bridget Jones's Baby,2016,https://boxd.it/3jQU,2.5
2025-02-15,Bridget Jones: Mad About the Boy,2025,https://boxd.it/Mu9s,3.5
2025-02-16,Despicable Me 4,2024,https://boxd.it/iOLG,2
2025-02-18,Concrete Utopia,2023,https://boxd.it/rnf2,4
2025-02-19,Furiosa: A Mad Max Saga,2024,https://boxd.it/tABk,2.5
2025-02-20,Gladiator II,2024,https://boxd.it/kqQQ,2.5
2025-02-21,Companion,2025,https://boxd.it/F04o,4
2025-02-22,BlacKkKlansman,2018,https://boxd.it/hxL8,3.5
2025-02-22,Nosferatu,2024,https://boxd.it/f5eG,3.5
2025-02-25,The Monkey,2025,https://boxd.it/Gwiu,3
2025-02-28,In Bruges,2008,https://boxd.it/20n8,3.5
2025-02-28,The Guilty,2021,https://boxd.it/kOPW,3
2025-03-01,Triangle of Sadness,2022,https://boxd.it/hXlq,3
2025-03-02,Undercover,2024,https://boxd.it/K7P2,3
2025-03-04,Anora,2024,https://boxd.it/Egcw,2.5
2025-03-08,The Host,2006,https://boxd.it/28ZY,3.5
2025-03-09,A Real Pain,2024,https://boxd.it/CjNG,3.5
2025-03-11,The Wonderful Story of Henry Sugar,2023,https://boxd.it/yNyo,4
2025-03-12,The Rat Catcher,2023,https://boxd.it/Is8a,3
2025-03-12,Poison,2023,https://boxd.it/Is7Q,3.5
2025-03-12,The Swan,2023,https://boxd.it/Is80,2.5
2025-03-19,The Electric State,2025,https://boxd.it/tev0,2
2025-03-22,Alien: Romulus,2024,https://boxd.it/zGqO,3.5
2025-04-04,The Wrath of Becky,2023,https://boxd.it/BfbG,2.5
2025-04-08,Poor Things,2023,https://boxd.it/tNWU,3.5
2025-04-09,Some Like It Rare,2021,https://boxd.it/rpdC,3.5
2025-04-12,Hundreds of Beavers,2022,https://boxd.it/CyUM,4
2025-04-13,Escape,2024,https://boxd.it/EN2E,3
2025-04-14,Nobody,2021,https://boxd.it/mLqS,4
2025-04-18,Black Mirror: Common People,2025,https://boxd.it/U1Vy,3.5
2025-04-19,Black Mirror: Bête Noire,2025,https://boxd.it/U1VI,3.5
2025-04-19,Black Mirror: Hotel Reverie,2025,https://boxd.it/U1V4,3
2025-04-20,Black Mirror: Plaything,2025,https://boxd.it/U1VS,4
2025-04-20,Black Mirror: Eulogy,2025,https://boxd.it/U1Ww,4
2025-04-21,Black Mirror: USS Callister – Into Infinity,2025,https://boxd.it/U1Wm,3
2025-04-22,Conclave,2024,https://boxd.it/AO8q,4
2025-04-30,Den of Thieves,2018,https://boxd.it/g17e,3
2025-05-01,Mickey 17,2025,https://boxd.it/q1Dk,3
2025-05-03,Midnight in Paris,2011,https://boxd.it/i4a,4
2025-05-09,Thunderbolts*,2025,https://boxd.it/BfbQ,3.5
2025-05-09,A Minecraft Movie,2025,https://boxd.it/zRro,2
2025-05-11,Another Simple Favor,2025,https://boxd.it/AO6k,2
2025-05-11,A Simple Favor,2018,https://boxd.it/hq92,2.5
2025-05-11,The Assessment,2024,https://boxd.it/Ogf6,3
2025-05-12,Den of Thieves 2: Pantera,2025,https://boxd.it/mjHm,2.5
2025-05-15,Arrival,2016,https://boxd.it/aNGk,4.5
2025-05-16,Role Play,2023,https://boxd.it/w0e6,2
2025-05-18,Warfare,2025,https://boxd.it/LbRo,4
2025-05-27,A Working Man,2025,https://boxd.it/Jpmq,2.5
2025-05-31,The Killer,2023,https://boxd.it/u6WE,3
2025-06-04,The Game,1997,https://boxd.it/26vC,4
2025-06-04,Sinners,2025,https://boxd.it/KQMM,4.5
2025-06-07,Fountain of Youth,2025,https://boxd.it/Fwx8,2.5
2025-06-17,The Accountant²,2025,https://boxd.it/wOm0,3
2025-06-20,Road House,2024,https://boxd.it/cdzQ,2
2025-06-21,Escape from the 21st Century,2024,https://boxd.it/LcC0,4
2025-07-06,Jurassic World Rebirth,2025,https://boxd.it/KUeE,2.5
2025-07-15,The Night My Mother Killed My Father,2016,https://boxd.it/cJG0,2
2025-07-15,Mr. Right,2015,https://boxd.it/aZkK,3
2025-08-04,Heads of State,2025,https://boxd.it/s9tG,3
2025-08-04,Deep Cover,2025,https://boxd.it/L6ec,3
2025-08-05,Death at a Funeral,2025,https://boxd.it/QkmY,1.5
2025-08-06,Ballerina,2025,https://boxd.it/jKqG,4
2025-08-07,The Fantastic 4: First Steps,2025,https://boxd.it/mP6C,4
2025-08-08,How to Train Your Dragon,2025,https://boxd.it/F7Je,4
2025-08-09,Superman,2025,https://boxd.it/E9IU,4
2025-08-11,Iron Man 2,2010,https://boxd.it/1WZM,3
2025-08-17,All in Favor,2025,https://boxd.it/R8Pw,3.5
2025-08-18,M3GAN 2.0,2025,https://boxd.it/EwHU,2.5
2025-08-22,Materialists,2025,https://boxd.it/GZlW,2
2025-08-23,Freakier Friday,2025,https://boxd.it/GxwW,3
2025-08-23,Weapons,2025,https://boxd.it/EMTM,4
2025-08-27,Bring Her Back,2025,https://boxd.it/Hxlc,4
2025-08-30,Final Destination Bloodlines,2025,https://boxd.it/l5y4,3.5
2025-09-01,The Te$t,2022,https://boxd.it/y4sq,3
2025-09-01,Karate Kid: Legends,2025,https://boxd.it/CeNc,3
2025-09-02,The Thursday Murder Club,2025,https://boxd.it/rXju,2.5
2025-09-07,The Conjuring: Last Rites,2025,https://boxd.it/Dh8e,3
2025-09-10,The Naked Gun,2025,https://boxd.it/Da9k,3
2025-09-14,Novocaine,2025,https://boxd.it/JmdA,3.5
2025-09-17,Ricky Stanicky,2024,https://boxd.it/CFjo,3
2025-10-06,KPop Demon Hunters,2025,https://boxd.it/ufwK,4
2025-10-07,Play Dirty,2025,https://boxd.it/zuuE,3
2025-10-10,Death of a Unicorn,2025,https://boxd.it/HCPm,3
2025-10-11,Good Boy,2025,https://boxd.it/SC0q,3.5
2025-10-11,Karmadonna,2025,https://boxd.it/SwaO,1
2025-10-11,Death Red,2025,https://boxd.it/Xf1K,2
2025-10-11,Dolly,2025,https://boxd.it/NXzc,2.5
2025-10-11,Rough Cut,2026,https://boxd.it/XhAi,2
2025-10-11,Meat Kills,2025,https://boxd.it/U4bS,2
2025-10-13,Exit 8,2025,https://boxd.it/S9Kk,3.5
2025-10-13,Hi-Five,2025,https://boxd.it/tQ18,3.5
2025-10-14,It Ends,2025,https://boxd.it/SBUi,2.5
2025-10-15,No Other Choice,2025,https://boxd.it/nKiA,3.5
2025-10-15,Luger,2025,https://boxd.it/O1na,3.5
2025-10-16,Sisu: Road to Revenge,2025,https://boxd.it/Ksny,4
2025-10-17,Deathgasm,2015,https://boxd.it/avNs,3
2025-10-18,Brick Boy,2025,https://boxd.it/VHOQ,3
2025-10-18,Deathstalker,2025,https://boxd.it/LIkC,3
2025-10-18,The Creeps,2025,https://boxd.it/u3tk,3.5
2025-10-18,Deathgasm 2: Goremageddon,2025,https://boxd.it/IDZ0,2
2025-10-26,Mission: Impossible – The Final Reckoning,2025,https://boxd.it/l7A2,3.5
2025-10-29,Presence,2024,https://boxd.it/H88i,2.5
2025-10-31,Stoker,2013,https://boxd.it/34S2,3.5
2025-10-31,Bookworm,2024,https://boxd.it/HCiM,3
2025-11-02,Black Phone 2,2025,https://boxd.it/JpbW,1.5
2025-11-08,Eden,2024,https://boxd.it/Dt52,2
2025-11-08,The Phoenician Scheme,2025,https://boxd.it/H0Ca,3
2025-11-08,Stomach Bug,2024,https://boxd.it/OFrm,2
2025-11-08,Disforia,2025,https://boxd.it/LFZi,3
2025-11-09,The Roses,2025,https://boxd.it/MjnI,3.5
2025-11-10,Together,2025,https://boxd.it/LdFE,4
2025-11-10,Gaua (The Night),2025,https://boxd.it/QDWm,2
2025-11-10,The Long Walk,2025,https://boxd.it/mic8,3.5
2025-11-11,Monkey’s Magic Merry Go Round,2024,https://boxd.it/ObjM,2.5
2025-11-11,KINKI,2025,https://boxd.it/RT1I,2
2025-11-14,Night of the Reaper,2025,https://boxd.it/VSf8,3.5
2025-11-14,Bodycam,2025,https://boxd.it/Wde6,2
2025-11-14,Rabbit Trap,2025,https://boxd.it/Ji66,1.5
2025-11-15,The Kirlian Frequency,2025,https://boxd.it/L5Bk,4.5
2025-11-15,Confession,2025,https://boxd.it/Voq6,2
2025-11-16,Her Will Be Done,2025,https://boxd.it/QYdW,1
2025-11-16,Dream Eater,2024,https://boxd.it/OigA,3.5
2025-11-16,Flush,2025,https://boxd.it/W2JM,4
2025-11-16,V/H/S/Halloween,2025,https://boxd.it/QS3Q,3.5
2025-11-21,Now You See Me: Now You Don't,2025,https://boxd.it/f3i2,4
2025-11-23,Wicked: For Good,2025,https://boxd.it/AyfK,3.5
2025-11-26,The Life of Chuck,2024,https://boxd.it/vMTu,4.5
2025-12-08,The Holiday,2006,https://boxd.it/28ye,3.5
2025-12-09,One X Two,2025,https://boxd.it/TKRu,3
2025-12-10,Hit Man,2023,https://boxd.it/ANB2,3
2025-12-10,The Christmas Chronicles,2018,https://boxd.it/ja7e,2.5
2025-12-12,Bandit,2022,https://boxd.it/vNoM,2.5
2025-12-12,Playdate,2025,https://boxd.it/LvYO,2
2025-12-13,Wake Up Dead Man,2025,https://boxd.it/uAKS,4.5
2025-12-14,The Christmas Chronicles: Part Two,2020,https://boxd.it/ojzm,1.5
2025-12-15,The Running Man,2025,https://boxd.it/u36A,4
2025-12-15,The Family Stone,2005,https://boxd.it/1Zja,2.5
2025-12-16,Black Bag,2025,https://boxd.it/KRbM,3.5
2025-12-17,Last Breath,2025,https://boxd.it/AJqO,3.5
2025-12-18,Highest 2 Lowest,2025,https://boxd.it/LcIC,2.5
2025-12-21,Love Actually,2003,https://boxd.it/2aeU,4
2025-12-23,Glass Onion,2022,https://boxd.it/oCkK,4
2025-12-24,Our Little Secret,2024,https://boxd.it/KVeA,2
2025-12-24,"La que se avecina: Una ciudad sin ley, un mormón mojón y un saloon a doble altura",2025,https://boxd.it/YoNK,3.5
2025-12-28,Champagne Problems,2025,https://boxd.it/OwgO,1.5
2025-12-28,Ghosted,2023,https://boxd.it/wL1e,3
2025-12-29,One Battle After Another,2025,https://boxd.it/DUHM,4
2025-12-29,Just One Small Favor,2023,https://boxd.it/Fefq,2
2025-12-30,Caught Stealing,2025,https://boxd.it/LnyS,3.5
2025-12-31,Love Hurts,2025,https://boxd.it/KyBc,2.5
2025-12-31,Oh. What. Fun.,2025,https://boxd.it/M5u6,2.5
2026-01-02,Stranger Things 5: The Finale,2025,https://boxd.it/YqXW,1.5
2026-01-12,Sharper,2023,https://boxd.it/qTXe,3.5
2026-01-12,The Gorge,2025,https://boxd.it/zRqK,3
2026-01-13,One Last Adventure: The Making of Stranger Things 5,2026,https://boxd.it/10310,3
2026-01-24,Crazy Old Lady,2025,https://boxd.it/LOjg,3
2026-01-24,Trap House,2025,https://boxd.it/niKc,2
2026-01-29,The Order,2024,https://boxd.it/EVrs,3.5
2026-02-02,The Wrecking Crew,2026,https://boxd.it/IhUi,3
2026-02-23,The Stranger in My Home,2025,https://boxd.it/Rssi,1
2026-03-08,"tick, tick... BOOM!",2021,https://boxd.it/jz2e,4
2026-03-09,The Dinner,2025,https://boxd.it/T340,3.5
2026-03-13,Mercy,2026,https://boxd.it/KYv0,3.5
2026-03-22,Drop,2025,https://boxd.it/LyPq,3
2026-03-22,Agent Zeta,2026,https://boxd.it/Obgo,3.5
2026-04-12,Carnage,2011,https://boxd.it/2peU,4
2026-04-18,Kill Bill: The Whole Bloody Affair,2004,https://boxd.it/eCrQ,4.5
2026-04-18,The Lost Chapter: Yuki's Revenge,2025,https://boxd.it/ZbLe,2.5
2026-04-21,Crime 101,2026,https://boxd.it/IoGs,3
2026-04-27,Ready or Not 2: Here I Come,2026,https://boxd.it/MfY6,3.5
2026-05-01,Project Hail Mary,2026,https://boxd.it/pEeQ,4.5
2026-06-13,Mortal Kombat II,2026,https://boxd.it/z6iO,2.5
2026-06-13,Hoppers,2026,https://boxd.it/OFpg,3.5
2026-06-29,Torrente for President,2026,https://boxd.it/KduE,1.5
2026-06-29,They Will Kill You,2026,https://boxd.it/Nk5i,3
2026-06-29,Toy Story 4,2019,https://boxd.it/9ALu,3
2026-07-13,Voicemails for Isabelle,2026,https://boxd.it/mJVk,3
2026-07-13,Obsession,2025,https://boxd.it/PNqo,4.5
2026-07-17,Evil Dead Rise,2023,https://boxd.it/qIvo,3.5
2026-07-17,Evil Dead Burn,2026,https://boxd.it/K1R2,4
2026-07-18,Tenet,2020,https://boxd.it/leq4,4
2026-07-19,The Odyssey,2026,https://boxd.it/QFQU,5
2026-07-26,Scary Movie,2026,https://boxd.it/MxEo,2
2026-07-31,Spider-Man: Brand New Day,2026,https://boxd.it/ACJE,4
2026-09-03,Ice Cream Man,2026,https://boxd.it/UQgm,1.5
2026-09-06,The Whisper Man,2026,https://boxd.it/wv6M,3
